School,1-Jan,2-Jan,3-Jan,4-Jan,5-Jan,6-Jan,7-Jan,8-Jan,9-Jan,10-Jan,11-Jan,12-Jan,13-Jan,14-Jan,15-Jan,16-Jan,17-Jan,18-Jan,19-Jan,20-Jan,21-Jan,22-Jan,23-Jan,24-Jan,25-Jan,26-Jan,27-Jan,28-Jan,29-Jan,30-Jan,31-Jan,1-Feb,2-Feb,3-Feb,4-Feb,5-Feb,6-Feb,7-Feb,8-Feb,9-Feb,10-Feb,11-Feb,12-Feb,13-Feb,14-Feb,15-Feb,16-Feb,17-Feb,18-Feb,19-Feb,20-Feb,21-Feb,22-Feb,23-Feb,24-Feb,25-Feb,26-Feb,27-Feb,28-Feb,1-Mar,2-Mar,3-Mar,4-Mar,5-Mar,6-Mar,7-Mar,8-Mar,9-Mar,10-Mar,11-Mar,12-Mar,13-Mar,14-Mar,15-Mar,16-Mar,17-Mar,18-Mar,19-Mar,20-Mar,21-Mar,22-Mar,23-Mar,24-Mar,25-Mar,26-Mar,27-Mar,28-Mar,29-Mar,30-Mar,31-Mar,1-Apr,2-Apr,3-Apr,4-Apr,5-Apr,6-Apr,7-Apr,8-Apr,9-Apr,10-Apr,11-Apr,12-Apr,13-Apr,14-Apr,15-Apr,16-Apr,17-Apr,18-Apr,19-Apr,20-Apr,21-Apr,22-Apr,23-Apr,24-Apr,25-Apr,26-Apr,27-Apr,28-Apr,29-Apr,30-Apr,1-May,2-May,3-May,4-May,5-May,6-May,7-May,8-May,9-May,10-May,11-May,12-May
University of Nevada Reno,104,108,156,262,410,131,198,92,233,277,302,141,406,402,101,169,283,213,148,177,103,139,818,687,480,420,277,234,281,237,426,955,277,399,261,207,265,447,562,261,350,292,91,250,144,282,185,118,354,92,98,372,331,160,397,293,102,688,588,750,488,249,485,180,161,308,305,506,246,153,780,522,545,1456,358,239,208,109,101,86,129,178,131,74,97,141,224,125,135,122,92,102,226,278,187,174,76,69,105,146,383,123,192,169,116,143,280,1158,807,245,307,165,82,153,204,160,180,168,77,74,117,136,138,287,239,121,69,268,253,247,245,173
University of Virginia,403,676,1034,1252,924,916,1425,853,1126,1889,1508,1022,852,812,513,719,968,1885,1425,1112,978,626,1057,1233,945,814,1063,1430,2480,2913,1373,1315,819,946,1037,399,908,1628,1130,917,1058,2564,1065,1239,1551,1616,1051,1167,1191,666,808,1166,1612,1315,1511,1286,795,1401,1516,3496,4616,1534,2216,1149,2035,2317,1341,3698,2702,2507,1520,1230,1301,1554,6332,1941,1377,791,951,1277,1063,872,896,694,1129,1423,1210,922,1435,937,1521,627,1121,955,1316,1447,868,864,561,831,1045,1902,1676,1295,931,785,1257,1362,1488,1667,1405,814,870,958,1053,1167,1648,1451,2100,1678,3638,2271,1489,926,941,573,782,895,1069,1418,779,1301
Arizona State University,721,568,765,1180,1223,920,498,1074,3482,1703,1771,1806,1530,908,931,1078,1178,1443,2084,1809,1144,638,1290,1919,1129,1448,2086,983,973,2049,2050,2416,2144,1568,1521,1050,1448,1915,1180,1389,1525,965,942,1696,1526,1729,1848,1333,883,810,1153,1437,1196,1018,1447,4383,1295,1412,1664,1253,1604,1725,861,960,1055,1112,1743,2164,2079,1101,2627,2084,1507,3902,2777,2350,1639,964,1086,1622,1093,1038,959,1052,727,1454,1303,1142,1705,1284,720,688,1142,1332,1059,1137,893,528,1136,1127,1281,1091,1285,1209,656,643,1001,893,1210,1032,1189,663,571,1266,1669,1239,1158,1156,1422,1272,1346,1287,1129,1379,1123,1084,1010,1484,1476,1073,1262,976
Duke University,1958,1330,1236,2451,1325,1319,2012,715,1457,1152,2321,1715,1351,1671,832,1186,1957,1589,1584,1317,2551,843,2802,2528,1590,1555,1488,3177,1994,1665,3726,2201,1713,2307,6609,3578,3361,1716,1415,1533,1151,3281,1543,1732,4055,2895,1653,1260,2334,1757,2866,2296,1383,1452,1341,2389,2076,1605,4476,2959,1996,2179,5954,2969,4285,2118,2043,4455,5368,8451,8706,3136,2484,3436,7374,3212,8038,1798,1330,1537,1442,1252,1623,786,660,2193,2333,2023,2253,2090,1377,777,1665,2276,1738,1626,1434,825,7799,2357,2367,1287,1513,1625,1283,854,1148,1448,2755,2538,1350,799,1006,1598,2187,1284,3714,1985,817,816,1466,1448,1237,1272,2039,1052,1532,1690,1676,2863,1787,1227
Utah State University,126,180,313,363,191,240,248,131,180,245,386,219,288,221,116,381,343,331,368,206,293,156,229,192,293,390,226,218,135,351,287,416,444,235,302,814,653,237,960,442,305,188,135,228,588,294,328,647,422,243,303,393,360,371,347,135,203,257,340,331,495,330,457,480,209,392,266,406,1218,1375,636,366,373,421,1757,323,147,131,231,161,201,271,275,150,101,173,293,396,345,191,98,141,229,203,251,256,535,240,106,258,283,246,344,251,145,122,216,264,250,282,182,135,65,340,319,188,349,183,112,177,240,281,307,257,214,137,55,187,207,240,192,252
University of Kansas,632,812,1759,1209,1023,911,1192,560,980,1931,1311,627,596,2688,1243,1425,3307,1697,917,754,1521,622,2408,1004,909,860,980,2527,1456,1327,4770,2344,1089,962,1536,926,2817,1923,681,918,850,2341,1256,1925,2699,2169,1362,1539,5524,1677,2635,1850,2806,2279,1375,2539,945,1107,3692,4576,2239,1697,1554,2046,1149,1106,1573,5399,3982,3820,3924,1653,2324,3123,5329,1974,6367,2622,1252,865,731,1057,716,587,531,692,721,937,806,1061,1978,654,1293,1512,2421,1694,1704,565,372,556,546,561,592,784,476,306,770,754,662,675,823,378,269,773,1433,762,968,646,333,194,1899,1659,1047,2727,1561,567,411,572,525,1167,845,638
North Carolina State University,425,363,521,1877,919,640,834,432,605,602,558,461,616,1302,322,497,1238,796,780,652,1773,748,651,1040,589,509,790,1437,512,807,905,1051,883,844,1089,739,1691,1138,595,711,1945,2182,772,858,1053,736,605,813,709,2849,1311,1052,1672,1203,831,3512,1480,924,1018,688,753,748,393,317,753,918,1375,1529,738,356,2149,868,586,837,808,2014,569,327,684,844,2913,820,912,395,241,545,830,793,554,568,390,328,1140,1320,985,834,698,625,271,706,830,787,703,833,283,266,690,843,774,664,607,306,484,801,849,615,994,1215,523,491,998,823,716,774,684,473,337,445,659,543,670,394
University of Miami,509,851,785,1891,681,572,330,517,1353,1177,2197,2360,1631,1072,665,1798,1757,1808,1730,2102,2759,1260,1810,2733,1436,1020,2047,1672,458,1201,2164,1609,1343,864,1600,659,4097,1957,1446,1103,1147,1497,745,2549,1293,1237,1186,1193,1982,826,1111,2423,1615,1188,1437,2005,957,1309,1262,1462,1862,1669,4442,2148,3007,1707,1478,2487,2246,682,1465,1438,1004,2188,1418,4438,2284,6751,5787,3497,1698,2001,14516,7916,24634,7717,3150,3949,3299,4791,11039,4441,2715,2107,1106,2183,2000,1120,762,1277,1701,1329,1338,1364,871,764,2051,1300,1291,1617,1385,848,558,1716,1363,1067,1273,1063,786,768,1463,1407,1353,1173,1171,610,1212,1392,1240,1443,1977,1154
Providence College,547,315,109,1339,984,206,658,285,260,93,135,272,394,410,167,227,164,473,248,206,732,181,251,450,674,294,502,211,915,332,226,675,217,434,170,92,183,218,462,326,214,381,114,163,906,437,253,169,903,532,318,260,714,262,215,143,673,339,308,626,208,230,631,296,256,263,354,969,458,149,1006,501,457,323,458,1726,514,269,2255,941,615,1812,476,515,287,480,380,924,555,475,294,247,321,375,222,348,213,190,179,127,139,230,357,374,131,130,186,99,105,201,197,86,36,216,266,174,107,130,92,122,168,181,168,106,148,42,68,138,72,156,105,117
Xavier University,235,282,241,201,212,208,635,127,343,339,726,289,295,197,802,342,569,700,275,220,408,107,196,572,1272,453,186,429,72,207,224,762,229,181,414,155,562,343,245,257,776,253,124,200,202,664,328,215,590,188,172,784,368,665,675,220,154,350,260,1022,590,405,655,430,435,376,388,981,840,1161,799,377,441,323,613,2107,570,3706,621,677,592,662,2936,1335,212,224,428,363,143,137,87,77,229,217,352,128,97,81,86,380,215,89,175,199,113,182,208,300,193,179,169,128,81,356,312,253,419,203,113,100,164,217,282,190,137,95,130,1109,659,1052,367,389
Indiana University Bloomington,160,293,289,542,1514,618,461,1609,648,631,1496,888,461,1580,623,529,464,1147,1888,1051,438,1529,1048,657,1459,1159,691,1151,586,1653,1847,868,800,751,7714,2781,2406,2611,1016,925,605,1656,721,1245,562,1498,943,604,1847,705,1011,2835,1094,737,1262,6150,2110,1305,2214,806,891,1083,779,2190,1074,2084,819,928,2037,2327,1890,1233,1420,1134,922,2299,3748,3527,2298,1012,721,847,614,468,307,550,885,707,1232,971,921,358,986,1773,600,471,544,341,349,907,571,488,396,489,342,318,408,563,629,712,553,259,231,419,819,777,469,432,440,289,361,358,429,422,441,492,384,340,519,656,482,1934
University of Maryland,1074,697,1580,986,1847,1366,733,1443,1527,1599,1858,1762,1321,686,1752,1597,1465,1383,2245,1867,816,1275,1753,2848,2380,2362,2651,2213,1747,2001,2709,2023,1514,1178,1305,1240,1478,1863,1219,1524,1694,1580,1008,1415,1522,1942,7380,3424,1482,2181,1596,1899,1953,2312,1754,1025,3466,2558,2467,2662,3010,3536,2493,2130,1377,1923,2668,2414,2594,1336,2352,1707,1933,2793,10230,3197,3779,2928,1264,1561,1687,2762,2153,1610,1122,2519,2087,2387,2813,1485,1311,770,1771,1930,2432,1962,1941,1100,727,2230,1904,1955,1472,1905,1154,1028,2582,2605,2188,1744,1171,971,863,1616,1803,2377,1776,1406,1650,935,2102,1616,1278,1905,1553,774,838,1555,1882,1921,2837,2708
University of Illinois Urbana-Champaign,751,1176,691,1310,1121,1392,1319,680,782,1269,1192,944,2032,1610,957,1431,1095,1323,2117,1186,760,605,905,1433,1036,999,1599,1895,868,1216,1550,1447,1093,1086,1489,913,1400,947,1073,1012,1083,1278,641,1033,1573,1075,971,1107,1798,980,1669,1428,1173,2384,1798,713,1468,1247,974,1218,3341,2407,782,1643,1148,1245,1292,2202,1144,762,1163,1228,781,1403,2690,875,595,598,892,1044,1021,965,1057,500,1070,989,1332,1337,1559,1305,737,741,1136,1208,1164,1021,1272,723,729,935,1334,918,945,1105,521,680,850,1032,1041,1079,1361,855,583,841,1294,1179,967,841,512,685,842,1082,1122,1287,987,571,753,1075,918,864,934,944
Michigan State University,440,648,1511,1137,1160,993,3669,768,1003,2360,1303,1127,1887,992,652,2225,1114,1018,2309,1029,523,1339,825,1254,1489,2897,1250,754,1221,985,1114,1034,1086,790,1507,616,1135,1854,1368,1093,2823,1962,2198,107282,218054,52228,21073,9325,9210,7587,5387,5757,4348,5272,3060,2501,837,1963,3433,4067,3100,1854,3079,1399,1495,1603,1563,2834,3030,1117,5453,2993,2095,2110,1948,6070,2136,16509,4192,2410,3132,9434,2943,828,1130,1658,1821,2073,2101,3369,1246,726,1810,1613,1946,2320,881,804,664,1352,1629,3303,3146,1710,942,607,1734,1314,1170,1515,1393,687,1006,958,1587,1138,1536,1028,634,886,1907,1468,1252,1103,1153,1554,3580,1929,1323,1334,1197,1162
Northwestern University,490,383,1481,1705,2118,1177,602,1728,1465,948,1697,1451,1104,442,643,564,1630,1431,1084,1863,564,528,1323,1111,1015,1025,860,1065,925,1055,1691,1730,1441,995,455,1056,1090,1292,1423,1622,2009,848,4161,2430,1230,2954,3083,1710,889,1719,2141,1775,1612,1995,942,896,1066,900,1294,1483,1769,959,539,1310,1596,2569,1346,1369,1726,709,1285,1139,1314,1446,3613,1443,2237,2017,1236,985,987,971,1384,446,376,1084,992,1418,1230,723,563,997,1275,1255,1200,944,846,425,368,733,896,2601,2594,927,390,561,977,1141,1259,1038,908,597,498,1123,1321,946,2926,1013,536,445,1559,1499,1540,2676,1587,1019,618,1072,2488,1538,970,767
University of Iowa,919,445,1504,1090,2321,1749,1291,1301,793,664,782,2287,774,541,1092,940,1096,1215,1178,881,818,492,957,940,708,1504,1270,718,1314,740,1543,4144,2710,1040,3221,866,838,1059,1205,1478,781,438,1029,588,748,755,1384,1264,563,1157,968,858,1394,996,860,3473,2040,1372,2551,1037,1010,798,636,2277,1808,1624,1233,2397,1144,446,1179,971,926,1043,2724,1474,1356,787,838,723,639,667,971,694,1224,1728,1286,1345,1991,5190,4825,5519,4083,3466,2526,2286,2048,1150,534,755,759,2389,1168,1041,701,669,743,1167,8358,12226,13495,3905,2348,1719,1383,1433,1463,1584,995,956,2530,1451,1024,1714,1160,1436,837,2534,1930,1536,1019,755
Boise State University,190,132,309,226,218,195,485,193,227,305,423,660,265,228,326,244,729,470,281,428,711,174,333,411,300,218,364,481,163,236,435,641,341,489,304,312,274,252,303,209,296,385,226,228,327,354,478,182,171,506,293,238,450,604,383,276,171,416,944,1206,757,435,311,209,268,263,275,670,712,431,811,411,433,576,1402,405,136,87,172,158,152,175,129,104,80,246,332,227,265,293,270,124,215,318,247,192,184,154,89,160,176,267,186,297,94,85,237,229,343,304,214,123,92,258,206,223,179,170,184,102,125,169,172,314,235,236,129,172,197,241,275,171
Baylor University,262,367,362,979,602,467,821,306,564,484,921,514,413,630,356,584,1155,810,566,519,737,398,2047,1345,547,535,482,1479,441,1591,1400,742,587,601,1837,467,866,679,795,1037,745,1088,507,1878,857,551,445,716,1688,615,1887,2152,722,540,879,1592,537,1448,849,874,582,684,945,572,564,592,518,1482,429,291,830,562,562,738,669,1838,1010,1782,765,609,505,778,815,625,928,772,793,1130,761,701,535,269,760,701,705,569,365,306,347,269,1111,627,560,655,547,310,672,546,1892,956,521,465,479,410,441,594,390,569,571,353,576,474,555,635,466,348,291,488,410,460,496,389
Grand Canyon University,64,79,104,123,275,200,185,53,138,146,83,341,214,124,129,71,189,228,234,154,183,108,119,132,226,764,198,190,134,85,164,185,113,168,229,171,140,167,298,298,151,216,111,111,142,232,174,293,374,142,151,258,102,145,381,169,116,177,139,281,229,273,195,145,129,298,188,424,693,630,2581,534,265,474,640,1397,369,111,178,112,220,258,150,92,69,70,106,79,131,91,112,83,94,132,154,217,81,62,115,115,124,78,95,92,166,117,136,237,104,102,145,217,147,116,131,100,309,204,108,109,138,188,164,182,169,59,63,141,96,116,131,109
University of Texas at Austin,1382,2018,1993,2341,2752,2184,2862,1177,2899,2071,3968,2566,1524,2653,1800,2342,3472,2364,2352,1940,4858,5721,3620,3275,2578,2413,2427,2337,1388,3972,3629,2809,2082,1878,3768,1899,3541,2020,1697,3664,2561,2310,1303,3505,1948,2101,1855,2101,2945,1286,2829,3495,2296,3037,2909,2736,1181,1843,1980,2871,2519,1947,3804,2311,2348,1919,2623,3107,3348,12820,5354,2990,2327,2694,6631,3284,12035,5516,2387,2524,3252,4168,8909,14367,15937,7687,5500,2787,2180,2710,1794,1464,1644,2340,1976,2064,1892,1183,1379,1976,1667,2044,2129,2113,3145,1593,1675,1860,2109,2350,1651,1260,1283,2203,2810,2184,2804,2784,2086,1076,2309,2905,2681,2914,2403,1545,1323,2007,1840,1553,1745,2005
West Virginia University,44,1022,1170,255,116,162,313,235,123,124,236,114,64,142,76,43,133,235,118,98,156,35,160,50,54,40,92,92,118,152,237,118,62,106,84,72,49,105,484,141,112,231,122,412,100,226,74,215,90,42,80,162,68,105,461,286,191,283,86,221,73,91,171,124,79,34,121,458,210,77,142,289,77,283,1062,101,45,13,90,54,21,27,32,38,11,37,56,33,36,23,39,44,19,83,55,40,63,19,10,46,25,25,22,48,136,82,183,39,135,42,50,18,24,64,35,117,38,35,26,26,73,51,29,75,34,65,31,790,261,605,91,26
Texas Christian University,2845,1281,843,1326,2002,1632,1672,1878,13138,3052,1080,671,627,895,427,588,429,828,399,557,1875,352,896,869,531,413,301,608,222,672,889,611,393,277,463,432,442,496,297,210,258,497,218,295,212,284,255,269,544,351,1160,536,344,229,596,834,247,303,323,1034,1026,423,438,265,424,384,423,738,1243,366,663,456,465,466,441,816,2277,1133,951,610,362,6462,2055,494,308,420,429,444,319,335,241,175,189,188,186,187,219,99,128,147,260,229,237,277,280,138,212,169,272,229,183,160,131,159,145,178,255,433,787,1288,431,360,194,215,156,135,84,175,143,372,195,199
Mississippi State University,547,7691,827,1215,370,460,1285,385,332,584,720,501,1430,846,206,387,630,501,362,448,537,255,392,446,748,509,356,1631,657,343,890,1232,568,579,1160,541,751,527,884,865,571,2360,721,643,712,1525,675,509,1148,703,591,929,811,552,559,1483,585,464,1234,779,478,514,513,246,617,546,777,1955,1030,294,1532,858,2537,1041,340,390,258,466,289,414,544,361,642,544,259,388,399,323,507,441,217,244,390,425,329,382,257,270,226,431,600,616,518,601,808,610,518,515,308,556,410,270,211,581,557,338,330,297,220,192,265,404,527,384,710,371,137,319,451,365,333,579
Kansas State University,505,291,2154,1655,371,465,2720,1165,1760,2806,1237,765,604,718,142,878,6852,2412,1228,1067,2022,449,1661,1508,853,463,484,1909,1053,1025,2714,882,545,441,1525,259,667,1407,1087,668,493,703,211,500,911,586,732,552,1255,328,482,1785,1352,427,821,1184,383,811,670,1806,1078,518,783,1839,940,579,789,1010,812,137,1113,746,917,1056,798,2180,2680,14007,3613,2160,3473,18141,8367,12547,2803,1074,484,856,592,715,1114,2024,768,899,495,801,416,398,195,395,292,608,330,352,188,281,421,516,569,402,789,262,134,330,785,710,466,587,398,239,377,534,401,736,425,158,117,451,471,431,322,284
Virginia Commonwealth University,145,122,159,791,346,286,339,110,228,589,452,338,717,438,149,714,976,426,305,484,174,140,257,213,441,258,313,367,93,182,599,264,280,620,313,107,422,680,387,592,451,229,107,313,370,712,496,395,440,179,246,433,386,269,600,252,172,367,645,327,345,212,258,172,241,765,362,579,330,999,2968,709,481,619,659,2140,242,92,254,412,651,418,232,265,214,532,381,2085,6157,3076,811,282,605,334,372,481,262,690,187,491,342,292,349,557,230,117,327,519,477,262,280,126,119,318,449,657,1101,373,157,89,407,444,568,242,647,193,135,521,326,597,383,482
University of Connecticut,399,683,839,1814,975,716,1480,450,764,749,1374,624,755,563,1270,611,876,1702,927,841,552,1082,749,1043,1977,1037,971,519,355,660,1143,808,489,845,1064,505,881,1862,1235,839,681,984,415,1158,713,917,1120,759,1211,384,644,892,2250,1044,664,1546,706,950,764,1401,763,679,1319,977,1716,1143,1211,2768,2194,687,1086,1252,1435,999,1169,3818,1487,4928,2819,1795,2138,7774,3072,10588,7001,2793,2249,3281,4357,3295,13387,14110,30903,39793,7965,5074,3406,3426,1845,2276,1154,1250,1850,1488,891,635,1044,1155,903,1067,928,551,682,834,1103,831,932,827,654,467,728,1097,910,1115,809,644,5376,3892,1144,1097,804,807
Pittsburgh University,452,688,2666,1861,547,697,916,575,510,549,875,631,501,634,357,596,499,932,600,675,795,343,471,480,1646,657,598,1661,725,707,714,2295,955,594,419,390,670,1295,1064,703,725,1203,618,977,1039,1125,806,774,1097,527,749,1567,1006,814,970,2907,1901,1626,970,2140,1043,764,1600,671,1782,970,1864,1802,997,738,2466,1264,4671,3334,1388,5593,2087,3692,1022,785,682,840,1176,560,538,1092,799,1066,1187,1128,877,319,1277,845,596,1287,774,365,289,666,1468,660,698,739,795,443,911,1313,1571,874,1085,666,392,687,637,667,1329,660,705,716,765,554,605,480,377,181,124,376,630,518,366,240
Iowa State University,234,363,278,1075,885,428,1658,304,915,912,862,972,661,1032,370,766,2035,1044,781,587,708,476,878,2463,1731,764,1100,912,422,1661,1008,652,920,810,2159,525,842,597,980,621,399,751,260,625,515,614,582,435,728,301,536,1018,795,620,929,988,468,1038,631,770,977,731,1310,783,816,539,538,2196,1259,452,794,543,744,713,626,1890,435,316,362,400,660,563,343,247,221,421,391,382,439,562,233,189,359,592,436,452,486,332,333,750,574,429,497,621,262,272,500,427,530,745,443,293,268,395,354,796,567,349,209,210,479,394,331,479,507,318,270,912,1058,755,624,523
University of Southern California,810,3434,1249,2839,1986,1736,1181,726,1829,2134,3609,4523,1913,1501,2667,1820,2314,16089,4047,2483,1289,985,1817,2587,1372,3138,2359,839,915,1444,1683,1792,1532,1331,1292,998,1487,1291,1042,1517,1462,698,771,1887,1549,1208,1531,1383,847,758,841,897,1402,1415,1584,937,760,1378,2247,1732,2242,1686,1005,977,1284,1413,1457,2462,2544,842,1883,1601,1459,1959,2101,2998,1160,1366,1705,1379,1528,1603,2210,1201,846,1812,1382,1853,2244,1493,1006,1215,1252,1184,1284,2098,1716,834,510,1338,1803,1671,1130,1885,1459,1304,1457,1461,1968,1851,1070,790,748,1372,1932,1486,1620,1159,700,1362,2090,2013,1499,1460,1447,2396,2030,1856,2031,3322,2095,7377
Creighton University,63,123,400,233,128,155,435,79,172,249,550,115,80,510,328,204,347,590,220,183,82,146,156,134,527,289,231,1070,325,290,212,381,192,228,434,211,493,199,462,251,153,858,176,326,542,162,152,196,347,256,319,768,356,244,394,595,249,241,204,654,496,264,328,353,495,368,206,521,1026,235,816,349,529,478,488,1548,612,3251,1305,722,600,599,4284,3279,4995,2237,773,310,294,682,142,103,290,280,209,242,135,142,64,107,275,381,298,165,100,61,628,213,126,132,260,113,73,154,107,207,260,116,90,41,246,338,164,221,213,141,105,136,163,160,135,194
Auburn University,66,44,23,79,94,149,270,142,61,154,98,61,68,189,61,67,195,320,220,245,52,34,167,369,488,111,72,148,54,149,60,126,52,81,529,138,89,170,152,118,581,398,90,122,131,126,58,62,84,59,91,67,59,110,158,223,121,86,108,392,295,95,210,64,94,90,101,305,82,46,391,273,139,237,578,341,813,216,93,92,45,182,81,125,49,141,113,70,414,138,99,48,136,160,89,76,62,22,24,41,57,35,87,69,28,31,85,35,153,47,122,54,77,41,33,27,43,24,35,35,139,47,134,47,36,46,18,58,56,62,62,40
Marquette University,157,121,581,474,226,265,390,378,539,216,957,434,355,243,408,257,393,847,690,325,626,316,382,379,432,534,345,553,216,615,436,646,418,373,827,246,813,717,247,420,297,470,121,508,283,1233,609,1214,563,137,365,1238,922,466,377,914,395,1420,2671,1075,626,441,1023,451,789,537,1613,1405,1966,5032,2573,915,828,1116,1000,2120,958,4864,923,357,752,429,194,150,114,259,418,319,573,1085,1318,300,246,309,495,253,206,227,93,171,288,260,111,240,137,86,175,522,703,863,749,212,780,1266,518,383,224,204,111,126,189,162,288,192,213,76,86,161,117,317,286,265
Saint Mary's College,24,38,75,40,19,23,108,49,57,41,71,129,80,88,100,72,123,25,177,109,128,44,110,71,51,40,222,178,461,156,120,101,214,394,268,773,307,218,66,187,159,233,57,113,27,59,249,187,297,204,93,120,48,232,333,367,150,96,107,82,162,58,43,90,430,617,117,43,51,72,300,164,438,189,174,831,346,845,110,59,14,46,97,41,22,30,39,47,54,52,47,47,39,32,28,23,50,51,7,3,60,25,89,82,59,35,39,42,60,83,65,26,26,18,35,47,38,22,38,23,30,21,295,15,31,30,17,37,21,7,110,40
University of Houston,576,751,489,487,1191,737,599,1192,1939,1063,1310,869,765,494,568,980,1765,1124,1198,1212,753,1748,1205,1474,1627,1159,923,1782,564,1341,1542,1403,1660,1174,750,2011,1907,1037,1613,1079,748,501,605,1124,943,2010,1855,1276,1051,2097,1952,948,2305,1680,1250,1641,1091,1351,1126,1845,2879,2014,898,5195,2198,1818,2362,1608,2098,2631,4812,2321,2364,1889,4067,2268,7803,3538,2859,1974,1609,2170,8091,1837,718,850,1225,1063,1129,1099,1041,831,1641,901,949,1297,1037,832,884,948,1102,1203,727,730,468,366,707,641,1056,933,1567,785,578,826,1109,1162,803,1045,985,681,1285,696,661,784,870,672,677,872,954,810,1757,1170
Florida Atlantic University,175,190,197,304,1064,405,427,85,303,230,388,322,251,636,245,1179,407,1208,3401,759,430,287,588,624,411,1093,567,867,280,470,394,622,790,256,379,177,306,253,245,383,287,327,94,385,283,266,529,365,118,107,278,212,528,719,621,951,304,393,204,409,597,352,451,169,202,668,423,542,1378,1752,1670,1032,516,1013,697,1785,4088,5985,2672,983,1452,6039,6625,17667,7721,3030,1573,2477,2329,2886,11631,3631,1533,1015,549,444,515,1205,342,377,374,372,321,202,119,214,254,218,623,343,234,97,90,121,272,544,382,241,137,99,399,433,361,414,269,154,83,236,464,362,515,1301
San Diego State University,195,1203,1371,420,319,356,551,378,541,532,716,448,350,765,484,317,665,781,876,489,413,346,389,393,577,794,523,536,366,387,542,671,395,649,368,344,615,484,811,1031,616,621,456,1324,2092,1572,948,474,373,356,491,677,635,760,830,589,1775,741,672,615,674,674,584,1129,578,577,635,967,818,1941,1154,801,783,659,2658,1087,3307,716,809,712,834,1137,12321,4579,15996,4972,1805,2371,2761,3865,26918,11388,17641,10198,1776,1236,762,711,717,839,706,533,616,772,394,497,719,574,542,568,369,213,213,319,935,551,686,598,444,455,678,666,478,654,374,204,165,416,720,476,504,484
University of Memphis,447,234,162,271,228,368,498,235,361,432,748,675,504,227,1045,314,322,533,648,420,208,1006,802,373,372,1034,1806,618,781,570,578,402,250,345,739,304,398,363,598,460,247,186,622,406,404,291,779,553,290,983,374,325,440,912,409,270,768,303,400,579,601,560,555,1892,537,520,564,327,995,2062,7277,2040,1070,1039,936,2081,2085,480,352,213,266,234,736,494,353,539,324,386,291,296,201,161,248,509,283,397,400,296,255,415,356,441,366,768,342,205,254,238,238,501,823,163,165,960,194,369,383,678,186,111,395,3270,549,284,354,241,280,1182,433,260,237,230
University of Vermont,208,113,157,221,437,207,173,142,151,250,324,174,133,88,90,259,176,190,317,229,139,162,221,180,341,244,279,235,93,242,183,185,169,226,227,116,123,296,336,198,212,230,136,671,245,328,239,331,222,286,165,832,448,363,266,245,233,306,333,356,278,417,285,236,685,449,360,285,534,1120,505,399,330,447,532,1006,393,132,214,357,436,276,280,197,104,321,398,217,224,397,90,94,478,458,409,436,202,164,128,164,365,257,262,253,181,83,201,346,411,405,222,105,59,133,197,214,188,314,151,583,190,257,225,478,260,110,97,264,410,218,355,220
Texas Southern University,58,141,148,197,58,58,111,60,106,88,97,81,254,155,153,163,161,104,264,131,108,102,107,204,145,98,128,142,91,126,123,246,148,123,102,77,152,171,75,205,282,198,115,177,268,169,206,251,385,337,276,238,184,254,339,256,124,140,293,233,222,153,229,70,130,213,249,341,295,1142,739,438,611,938,254,239,106,90,148,115,70,137,167,122,58,81,153,253,386,308,174,284,469,253,118,119,303,319,460,532,831,732,340,416,142,146,328,192,270,176,92,57,70,84,300,198,65,79,82,148,84,173,179,111,133,134,79,95,146,282,621,229
Howard University,925,549,573,954,2290,1442,876,393,827,392,362,758,1630,489,1207,1224,935,775,604,752,518,445,1166,1560,985,656,825,696,582,743,954,1725,864,862,585,583,641,1039,885,750,844,824,644,1146,845,1587,1581,1198,705,633,922,1103,891,734,697,602,1509,2914,2334,1706,1601,1242,429,517,644,1059,1109,686,799,3630,2089,1479,1918,2114,6804,5512,1964,1300,1220,860,779,740,969,1194,1185,728,1072,801,1111,1142,575,974,975,756,6945,2278,1221,912,411,763,866,799,777,1023,1585,1424,1843,902,1086,698,460,332,287,605,2226,2925,1453,1308,749,615,714,1421,1094,855,619,1516,1372,1094,676,1280,1557,1927
University of Arizona,537,796,860,638,765,1269,989,486,888,851,885,1229,1078,840,543,664,899,994,1952,1494,2368,805,1587,816,885,1288,2144,1233,704,5084,9100,1817,1718,2046,1166,924,1419,1602,963,1583,1404,1026,715,1039,1430,1977,1437,1685,1748,883,1175,1182,1028,1077,1079,2301,1823,2276,1633,1170,1365,1771,1023,831,1127,813,857,1964,1915,2527,6725,1521,1623,1481,7271,2672,1249,1017,1230,1326,1231,1420,911,574,341,831,884,1078,1431,1218,754,492,1031,984,1008,978,725,568,419,908,873,2691,3064,1330,826,591,887,1087,935,769,1119,700,550,992,1408,1168,788,890,839,624,1251,1062,1472,1203,1131,681,424,1132,1251,1213,1272,909
UCLA,1014,1057,964,2215,2150,1589,816,901,2277,1278,1536,2283,1611,1588,942,1248,1439,1407,1723,1710,1763,883,1459,1704,1047,2006,1419,752,852,1496,1564,1411,1691,1444,1238,812,1385,1403,1223,1570,1407,1089,1126,1756,2048,1439,1586,1992,1415,1277,1331,1485,1627,2145,2160,1323,2794,2038,1943,1883,2596,2194,1918,2183,2557,4210,2173,2862,3154,2193,3161,2977,2934,2555,2967,3317,3942,2677,2239,3199,2099,5451,5036,1493,1075,1960,1707,1713,3253,2337,1344,1678,1886,1752,2046,1866,1457,897,740,967,1445,1630,2063,1592,1955,1514,1465,1890,1522,1727,1211,910,816,1506,2086,2153,1898,1628,904,723,1193,1700,1700,1838,1419,1663,1141,1305,1138,1917,1466,1091
University of Tennessee Knoxville,1034,820,2221,1028,815,1184,2466,719,2500,2128,1483,1160,1352,4903,857,668,2073,852,765,912,2578,737,1484,1335,2246,2379,1327,5693,1974,2293,1016,2903,972,828,3436,608,1521,995,2363,1166,789,3262,1435,1186,800,8506,3676,1863,3654,885,850,3058,964,960,909,1678,771,1282,2858,2670,1001,1314,1951,824,988,819,862,2186,3338,728,1989,1207,817,1071,4464,2755,17820,3591,2374,1993,2674,8606,3488,968,583,637,713,757,1264,994,800,537,774,850,693,2423,1827,546,263,490,650,424,783,836,1002,636,876,1299,1070,947,963,964,567,794,610,522,1177,1510,941,317,518,621,526,660,1088,518,499,457,604,532,684,685
University of Alabama,1682,1722,2043,1510,1254,1223,4462,1499,2559,2015,4159,2650,2383,4033,6175,5983,4765,3077,1545,2221,2678,1904,3995,4161,3737,3326,2069,3043,1041,1921,3377,2250,2390,5575,3724,1476,2127,1660,3334,2046,1807,5475,2151,4621,2313,5429,2113,1425,3370,1850,1422,2819,9299,6775,2829,7816,3284,2182,1847,6747,4209,2530,3783,1716,5035,2186,2092,1741,4595,6175,17820,3998,2406,3136,7082,2289,5555,7435,4206,3135,3529,2376,11379,2952,1113,1982,1998,1770,4074,2532,1250,677,1169,1445,1181,1447,1202,828,479,2424,1950,1291,1162,1082,871,813,1500,1915,1357,1178,1388,2343,1584,1806,2036,1451,3104,1987,950,759,1442,2194,1380,3171,2253,1013,853,1452,1326,1643,1541,1402
University of Kentucky,2211,714,2366,1584,1092,1148,3375,999,1111,4229,2031,1268,1645,10545,1598,1298,3191,2929,1457,1179,2195,662,2243,2947,1559,1077,1486,3695,1313,1179,2035,1176,1492,1083,1791,1026,1682,3389,2629,1785,2023,4102,1532,1816,1520,2670,2343,2502,6809,2127,1489,1749,4284,2175,1808,5324,2055,2303,2492,4326,2388,1874,6631,2158,2359,1916,1877,2404,5268,4124,4696,2468,2660,2493,2911,8707,4929,11016,3821,2168,2197,1764,2697,2601,2332,2138,3215,3249,2299,2326,1826,1510,1930,2023,1569,1515,2388,1870,1305,2210,2226,1865,1418,1150,1025,1447,1748,1896,2038,2090,1720,1167,1063,2056,1713,1648,1707,2532,1779,1148,1554,1357,1805,2047,2106,1099,1140,1775,1458,1977,894,691
University of Arkansas,421,682,597,2227,1666,1332,2144,1220,1190,1573,3006,1423,846,2189,826,937,2117,3193,2412,1162,2269,1242,1913,3788,1819,1286,1077,2464,719,940,3415,1917,1363,929,2161,763,929,3874,2736,958,1212,1770,605,691,833,1895,1422,1238,2898,1173,861,2899,1796,1151,1144,2536,985,1769,2453,1624,1350,1441,3262,1013,1232,1171,1103,3759,3720,1759,2151,1197,1177,1474,5816,1947,23923,8308,3132,1868,2318,7617,2014,949,954,1312,1064,922,3123,4290,1280,865,958,1918,1757,1200,1128,746,1347,1068,913,1586,1347,1076,1051,730,1597,1162,1269,1092,1033,565,470,1080,1119,826,1501,899,583,429,948,1011,1218,929,721,329,491,718,883,1052,907,1211
University of Missouri,238,958,559,1808,912,625,1270,577,1324,1927,1585,900,751,836,688,678,757,1779,2216,1143,1147,301,859,1233,2464,2094,826,2613,604,646,1269,1585,1367,626,696,443,668,1227,836,846,639,6094,1905,1003,1507,856,597,702,982,451,546,1566,1057,620,811,1218,384,600,777,1855,1366,941,1703,760,2176,830,896,1334,4321,2614,1529,1095,992,1111,6714,1600,3409,1082,971,660,739,839,598,357,594,623,653,1002,737,1136,1247,346,543,553,652,908,608,336,244,410,677,919,737,678,503,191,981,656,609,939,688,311,819,929,908,877,676,759,402,434,1044,871,964,676,633,439,282,629,752,681,588,752
Texas A&M,709,1421,749,1157,935,1168,1130,757,1086,1503,1514,1615,1186,1128,751,952,1233,2423,1827,1475,1275,742,1549,1226,1996,1745,1276,1276,840,1421,2090,1819,1274,1295,1302,821,1339,2105,1609,1408,1477,1212,759,1322,1321,1951,1764,2100,1831,1044,1605,2955,2793,2109,9967,5256,1397,1304,1667,1466,1457,1735,4430,1021,1816,1612,1514,1204,2656,2922,3037,1070,1208,1435,2806,2624,889,696,1056,1783,2142,1589,1860,1029,1071,1101,1637,1159,1203,1340,848,867,1377,1178,1335,1405,1254,630,722,1530,1596,1121,1181,1285,722,643,1658,1533,1326,1322,1342,655,541,1369,1283,1315,1730,1324,751,2448,2319,1401,1129,1654,1410,607,522,1522,1452,1442,1394,1769
Penn State University,1168,2088,1161,1202,854,757,657,1330,916,1262,1624,1450,1294,701,669,773,1285,1086,1105,1146,1131,734,1500,1588,1227,952,1104,832,1214,1011,1025,1365,1145,1047,774,1721,1676,1230,1356,1503,1364,860,487,1208,2016,1362,1119,959,1061,1719,1328,1195,1776,1903,1092,689,1700,1040,1394,1790,1695,1440,1712,3269,1294,1347,870,2837,3048,4840,4796,1838,1588,1305,3654,5832,4213,1773,1274,1200,1796,1437,1241,812,1332,1151,1505,2363,2144,1469,772,618,923,1306,1132,1220,887,610,541,778,1290,1131,1183,1111,738,525,1463,1170,1073,1199,1218,592,533,1171,1355,1151,1133,964,843,550,1157,1104,1092,984,955,735,1139,1052,1026,1130,1191,1156
Kent State University,50,154,336,239,172,130,314,162,286,471,217,161,492,245,108,161,453,427,378,627,223,79,305,500,448,491,506,266,79,208,377,270,221,439,201,349,370,465,179,393,767,573,226,211,272,146,236,917,360,137,262,402,240,260,232,266,164,277,410,266,369,654,310,143,266,256,567,439,745,1274,1051,430,323,420,646,874,447,95,173,168,138,214,221,142,109,111,251,232,112,79,81,98,185,100,213,288,155,369,518,445,449,223,162,264,309,220,198,201,208,196,227,134,134,159,318,308,190,354,226,131,172,217,298,4543,1528,219,130,320,223,333,350,311
Princeton University,405,535,606,1061,1080,1110,653,1343,1447,1073,1411,1166,1128,629,512,1458,1512,1741,1152,1210,1105,725,1014,1083,982,867,1013,1506,1318,1157,2215,1780,1520,1497,1812,1487,1107,1141,896,1219,997,725,649,1906,2134,1202,1385,1359,1004,751,680,1322,1029,1443,957,828,581,1412,1286,1167,1041,1065,1163,846,1180,1659,1144,1115,1246,1026,1843,1238,2736,1810,9369,2479,8442,3081,1767,1527,1924,2103,4597,1537,736,1341,1137,1210,1347,1155,854,608,1328,1242,1203,1530,1406,1639,877,1143,1283,1119,1094,1210,656,748,1151,1547,1434,1673,1356,811,664,1069,1268,1780,1818,1183,818,820,1187,1306,1271,1153,1036,754,706,1791,1841,1120,1225,1442
UC Santa Barbara,117,177,299,266,361,272,281,317,414,424,406,320,260,212,343,397,349,304,362,379,264,306,398,321,424,431,412,301,255,414,453,399,383,384,272,369,387,462,502,320,430,351,218,257,363,517,293,205,185,362,459,418,359,522,477,299,250,302,550,954,677,321,254,296,502,339,400,497,551,861,924,530,333,531,1021,1019,443,291,676,423,600,579,336,356,364,632,392,376,460,440,327,324,532,436,531,451,355,254,253,304,545,384,658,387,281,464,389,435,549,543,365,324,375,368,499,531,551,457,417,409,479,514,670,574,378,223,241,503,451,509,513,527
Iona University,109,49,51,80,50,147,109,122,75,40,73,97,165,126,265,139,118,56,154,303,182,18,24,62,49,81,241,118,202,69,76,43,84,228,75,95,45,65,50,92,109,118,150,40,26,82,72,219,103,159,71,53,48,119,119,111,261,137,47,86,198,76,132,49,294,65,738,176,467,1058,765,273,176,297,467,1203,287,216,333,1419,408,106,117,112,90,56,85,61,107,92,80,36,53,77,109,104,63,39,26,19,136,32,53,120,76,103,42,46,57,38,56,60,34,64,88,82,41,53,22,98,53,69,33,100,24,89,28,35,54,69,63,104
Purdue University,970,2699,1403,1311,2996,1877,883,2165,2157,1830,2024,1747,3094,1690,1150,3653,2192,1795,2565,1744,1095,2126,3310,1871,1772,2227,2940,1274,3641,2767,2064,3828,2174,2144,3513,2072,2611,1685,1314,2767,1460,891,1690,2009,1519,1568,2712,1652,1369,2449,1735,1908,1715,1541,2246,3217,3349,1823,1547,1549,3162,3411,1366,3322,1936,3359,2078,1543,3479,3497,8869,3470,2759,2230,2109,12075,5160,2064,1471,1746,1575,3124,5543,1726,765,1361,2117,1716,2290,2964,2488,1909,1768,3332,2482,1597,1941,1370,716,1189,1485,1235,1110,1422,733,519,1146,1512,1469,1231,1192,734,593,1207,2057,2651,1244,964,681,815,1315,1134,1387,1352,1183,519,704,1461,1421,2204,1186,1199
University of North Carolina at Asheville,18,32,45,75,62,44,82,20,51,47,85,189,129,247,46,24,81,135,63,82,114,30,81,59,284,243,91,140,45,73,55,76,173,87,108,13,27,67,150,73,96,111,15,31,75,85,154,124,200,87,117,55,205,137,121,131,68,113,219,110,91,303,393,1035,298,145,102,128,111,68,273,110,178,303,617,156,54,21,44,75,68,47,57,20,11,48,70,96,40,51,30,41,27,68,51,55,27,22,11,38,67,97,40,74,29,28,30,41,63,74,42,32,12,38,62,25,40,19,46,12,46,37,44,44,29,34,28,51,33,63,55,52
Southeast Missouri State,30,33,9,48,119,53,123,21,32,14,44,117,38,165,39,47,67,68,127,83,132,64,48,47,65,139,90,97,25,23,31,120,96,179,96,25,170,100,93,149,91,88,10,14,25,51,114,105,116,34,77,58,94,131,85,140,34,45,116,203,243,387,940,782,182,112,95,57,97,62,229,302,852,228,48,46,21,41,61,81,121,69,47,25,36,59,25,45,54,51,28,44,31,180,72,49,32,21,10,34,32,26,49,124,21,16,43,46,36,53,31,27,38,40,60,47,79,20,49,42,103,47,42,76,56,66,30,78,92,35,37,56
Kennesaw State University,86,109,96,64,122,117,131,42,88,81,147,275,217,131,28,85,151,219,415,257,244,142,229,119,113,232,215,228,130,137,130,395,315,136,175,45,83,97,132,221,487,364,148,188,174,230,678,476,359,146,96,135,215,158,468,317,186,461,435,261,505,379,228,2387,910,628,302,234,196,145,855,384,271,333,680,3260,508,286,135,113,108,149,221,145,197,168,129,339,190,96,96,154,105,150,127,200,965,354,163,181,243,426,217,271,149,159,130,203,109,152,118,49,109,85,96,165,116,107,201,106,114,123,136,88,113,84,73,84,125,117,118,129
Drake University,169,38,150,231,92,137,225,54,97,236,190,160,63,274,161,80,129,375,158,50,195,60,73,499,299,50,92,55,440,136,243,505,428,239,228,88,63,433,341,141,110,396,53,165,151,473,262,75,89,427,776,299,1055,572,185,110,451,154,127,321,675,578,634,2140,526,218,173,200,183,130,803,383,251,495,382,1552,343,126,76,87,123,104,106,125,80,153,79,155,99,52,71,49,42,129,106,88,84,58,135,107,100,112,218,189,132,37,88,82,152,153,162,89,106,204,739,184,295,96,118,62,93,87,136,265,122,61,44,42,54,112,265,116
University of Louisiana at Lafayette,68,68,103,120,223,117,142,86,102,102,75,266,172,175,66,181,84,118,187,94,124,90,215,132,109,344,148,296,149,68,119,203,339,212,824,341,103,346,157,299,190,212,106,109,147,149,257,162,160,128,83,123,190,168,272,331,148,186,90,91,75,188,1601,929,1576,749,288,231,160,258,510,215,230,364,1112,440,166,121,66,65,65,85,83,149,47,46,30,55,305,147,136,149,128,134,98,138,53,26,37,84,117,111,77,61,27,67,81,106,140,51,102,31,36,36,82,42,97,83,69,46,183,104,200,579,169,49,39,87,177,85,68,149
Furman University,50,175,67,116,224,94,143,30,197,59,161,109,130,224,63,119,171,184,157,138,78,122,126,119,224,159,188,79,184,90,80,236,138,132,149,68,200,71,166,129,113,247,136,203,128,274,126,93,68,177,109,110,185,102,93,422,128,118,88,226,122,440,297,364,1896,1102,397,288,194,223,406,293,283,495,8617,1308,1600,250,206,193,155,251,125,107,149,195,240,165,133,181,81,74,104,197,156,131,123,84,54,74,70,135,105,102,132,74,152,320,144,197,141,57,47,93,215,177,128,98,94,134,119,142,128,203,159,112,57,174,256,142,129,110
Northern Kentucky University,94,42,39,47,72,159,105,239,77,57,53,174,100,188,38,35,64,104,776,373,134,67,90,132,80,195,137,150,52,48,55,83,159,82,110,20,53,51,57,91,299,184,290,30,112,80,113,140,83,162,105,97,94,225,164,235,383,337,160,140,375,260,70,136,529,1696,686,258,184,119,456,340,222,352,1835,638,71,64,45,97,65,101,106,49,72,69,99,101,47,177,88,141,69,122,72,138,99,82,49,253,188,158,56,273,328,130,84,322,98,230,273,171,118,178,223,86,82,119,82,139,101,166,88,69,131,167,245,98,254,192,186,249
College of Charleston,198,767,291,814,341,143,586,297,433,204,834,521,221,511,244,1004,286,180,649,341,431,180,358,540,523,366,180,658,279,272,137,191,535,353,256,118,148,293,489,191,148,173,113,341,237,159,554,452,166,166,159,179,190,625,435,629,240,340,349,206,323,218,205,442,948,2595,933,416,322,267,1507,799,799,1180,2928,702,308,153,602,364,165,227,184,154,152,446,211,156,289,169,512,143,195,187,176,216,255,84,60,159,279,235,189,222,117,172,159,187,229,114,201,87,71,160,181,255,265,208,118,108,222,185,124,103,202,147,90,359,349,187,161,154
Oral Roberts University,54,34,72,81,27,89,465,385,231,100,87,153,83,157,52,86,146,103,222,123,185,89,189,128,158,268,155,224,130,252,107,97,54,58,170,86,147,111,149,233,135,147,49,206,118,90,274,214,205,145,201,76,110,188,95,266,113,106,103,184,360,139,288,324,484,865,724,176,202,91,413,435,390,347,1141,189,179,86,86,103,300,192,168,88,32,76,180,51,45,57,37,40,105,88,42,64,54,30,25,62,50,152,34,54,65,85,70,45,175,55,55,25,34,128,70,65,82,110,31,23,142,73,56,214,165,84,69,94,74,46,43,51
Fairleigh Dickinson University,43,39,54,67,163,86,121,36,24,45,187,119,41,109,53,157,86,89,136,170,95,202,69,69,185,170,65,135,34,29,29,94,55,53,116,60,40,95,67,169,263,192,62,76,86,132,177,48,127,86,125,80,58,165,84,179,66,49,225,292,529,403,528,328,306,440,173,89,76,66,255,191,267,1641,590,18936,6929,4534,1959,1065,341,321,187,144,81,123,83,92,114,139,89,79,88,280,116,76,108,82,63,71,40,71,98,139,90,85,162,127,151,91,197,65,31,98,41,151,170,57,39,36,61,99,91,33,80,46,57,74,81,135,53,105
Texas A&M Corpus Christi,5,12,36,32,31,10,28,5,22,27,11,44,30,35,17,22,23,29,44,68,23,6,19,29,38,52,58,34,15,20,75,44,49,31,30,6,22,30,57,52,42,32,15,22,36,28,66,60,61,73,41,131,59,77,95,150,118,80,68,91,73,71,38,28,64,92,324,125,71,43,86,145,510,395,548,111,90,35,36,53,29,45,46,56,28,33,68,81,159,75,90,20,20,71,44,28,50,24,8,44,76,36,44,87,38,21,30,31,34,106,70,74,50,68,62,30,43,35,16,22,46,42,37,67,80,56,10,25,27,23,29,28
Gonzaga University,144,130,62,157,360,668,342,280,209,216,135,763,568,417,294,377,190,128,641,342,322,212,116,96,108,326,165,469,163,226,184,155,263,509,518,582,199,181,193,528,235,469,334,215,80,122,375,563,791,150,153,219,176,409,517,1405,1237,377,286,1301,507,340,203,186,493,1961,1241,335,201,139,916,769,533,626,995,1427,798,1590,4206,616,529,3293,10479,3955,1465,313,331,280,329,283,144,202,290,222,188,150,166,147,168,122,83,135,176,152,147,205,150,212,142,155,533,108,51,187,118,93,96,97,63,135,151,114,140,149,91,90,45,223,113,241,86,83
Montana State University,59,78,117,122,376,254,159,104,174,107,179,212,400,204,115,287,106,345,614,648,339,286,448,287,130,196,257,147,126,207,252,208,262,235,180,108,137,238,92,228,151,135,110,246,201,305,288,300,237,237,147,316,272,222,233,253,86,290,156,90,453,310,113,260,359,195,767,1013,270,132,243,248,171,307,283,674,276,117,89,215,110,206,128,166,32,131,135,124,88,112,36,62,292,142,135,134,187,108,28,80,225,153,105,155,66,64,290,185,294,140,114,53,39,90,76,537,154,107,66,70,139,151,151,79,231,102,85,203,132,158,224,163
Colgate University,36,127,49,63,129,168,44,666,335,216,258,128,185,103,23,70,148,92,54,95,114,49,262,105,63,146,91,117,53,248,85,99,57,67,98,26,133,108,136,87,105,276,69,56,117,121,96,93,151,44,80,70,338,147,98,240,62,214,171,184,239,205,91,312,139,108,883,494,162,103,255,186,213,351,952,216,186,93,104,81,72,76,135,52,38,83,140,94,60,76,60,52,183,80,80,145,87,127,46,45,203,76,49,56,53,67,66,137,125,106,98,66,76,80,47,93,81,97,38,40,150,272,107,88,143,51,29,82,157,113,152,107
