School,1/1/2023,1/2/2023,1/3/2023,1/4/2023,1/5/2023,1/6/2023,1/7/2023,1/8/2023,1/9/2023,1/10/2023,1/11/2023,1/12/2023,1/13/2023,1/14/2023,1/15/2023,1/16/2023,1/17/2023,1/18/2023,1/19/2023,1/20/2023,1/21/2023,1/22/2023,1/23/2023,1/24/2023,1/25/2023,1/26/2023,1/27/2023,1/28/2023,1/29/2023,1/30/2023,1/31/2023,2/1/2023,2/2/2023,2/3/2023,2/4/2023,2/5/2023,2/6/2023,2/7/2023,2/8/2023,2/9/2023,2/10/2023,2/11/2023,2/12/2023,2/13/2023,2/14/2023,2/15/2023,2/16/2023,2/17/2023,2/18/2023,2/19/2023,2/20/2023,2/21/2023,2/22/2023,2/23/2023,2/24/2023,2/25/2023,2/26/2023,2/27/2023,2/28/2023,3/1/2023,3/2/2023,3/3/2023,3/4/2023,3/5/2023,3/6/2023,3/7/2023,3/8/2023,3/9/2023,3/10/2023,3/11/2023,3/12/2023,3/13/2023,3/14/2023,3/15/2023,3/16/2023,3/17/2023,3/18/2023,3/19/2023,3/20/2023,3/21/2023,3/22/2023,3/23/2023,3/24/2023,3/25/2023,3/26/2023,3/27/2023,3/28/2023,3/29/2023,3/30/2023,3/31/2023,4/1/2023,4/2/2023,4/3/2023,4/4/2023,4/5/2023,4/6/2023,4/7/2023,4/8/2023,4/9/2023,4/10/2023,4/11/2023,4/12/2023,4/13/2023,4/14/2023,4/15/2023,4/16/2023,4/17/2023,4/18/2023,4/19/2023,4/20/2023,4/21/2023,4/22/2023,4/23/2023,4/24/2023,4/25/2023,4/26/2023,4/27/2023,4/28/2023,4/29/2023,4/30/2023,5/1/2023,5/2/2023,5/3/2023,5/4/2023,5/5/2023,5/6/2023,5/7/2023,5/8/2023,5/9/2023,5/10/2023,5/11/2023,5/12/2023
University of Nevada Reno,104,109,158,262,412,132,199,91,232,279,305,140,406,404,108,169,288,214,150,173,105,138,828,689,482,420,271,234,283,238,426,961,276,398,263,209,266,451,571,262,358,297,92,251,153,282,187,115,359,92,100,376,333,158,398,295,103,692,589,751,487,254,486,180,160,311,304,515,247,157,786,527,552,1481,355,244,207,110,102,88,127,180,131,74,97,141,225,124,132,122,93,101,227,277,189,172,77,72,105,147,381,121,192,173,119,143,277,1168,808,250,308,165,82,153,202,160,176,168,78,74,118,136,136,289,238,121,69,267,253,247,242,166
University of Virginia,408,685,1029,1255,931,922,1447,858,1130,1899,1507,1027,859,813,514,723,980,1898,1433,1112,990,636,1049,1230,956,826,1066,1453,2536,2956,1371,1322,821,938,1052,383,916,1633,1141,930,1069,2593,1076,1254,1573,1642,1065,1163,1198,657,817,1181,1601,1331,1502,1312,810,1399,1518,3533,4672,1549,2246,1154,2048,2364,1327,3728,2729,2546,1532,1212,1311,1575,6441,2284,1393,796,959,1290,1045,881,896,699,1138,1425,1218,930,1445,933,1530,640,1129,978,1312,1446,863,864,583,845,1048,1924,1706,1328,923,776,1261,1362,1492,1680,1387,828,884,958,1048,1170,1653,1469,2101,1658,3639,2267,1484,930,937,577,775,876,1057,1427,774,1283
Arizona State University,722,578,766,1182,1236,927,506,1074,3553,1716,1769,1807,1539,919,931,1081,1193,1448,2092,1805,1152,646,1286,3924,2198,1562,2144,1080,1008,2070,2085,2437,2152,1566,1558,1052,1460,1917,1229,1409,1539,964,955,1694,1541,1759,1864,1335,901,822,1153,1435,1188,1032,1443,4483,1320,1413,1663,1256,1606,1729,872,950,1051,1122,1735,2175,2112,1125,2664,2076,1508,3967,2786,2458,1661,974,1089,1641,1081,1044,969,1051,744,1466,1317,1156,1711,1279,719,690,1142,1340,1066,1139,899,535,1149,1126,1275,1082,1286,1250,653,646,1009,892,1225,1042,1192,668,574,1273,1660,1248,1154,1143,1440,1263,1351,1284,1134,1375,1125,1084,1001,1478,1478,1083,1256,973
Duke University,1996,1376,1240,2485,1340,1341,2049,723,1732,1689,2439,1749,1362,1697,847,1338,2192,1613,1588,1317,2620,851,2850,2518,1637,1569,1511,3263,2045,1674,3742,2239,1716,2331,6744,3589,3349,1719,1434,1562,1154,3343,1564,1745,4154,2934,1678,1256,2374,1796,2915,2311,1363,1467,1336,2481,2144,1614,4522,3033,1986,2198,6106,2979,4375,2184,2038,4567,5527,8712,8882,3162,2540,3506,7587,3701,8261,1808,1340,1548,1437,1267,1629,804,667,2221,2360,2040,2268,2097,1376,789,1668,2300,1723,1630,1476,829,7857,2369,2375,1260,1535,1665,1301,857,1156,1440,2771,2544,1337,818,1018,1604,2182,1284,3742,2000,834,805,1478,1437,1234,1284,2036,1055,1525,1670,1669,2860,1772,1196
Utah State University,125,181,317,358,190,240,257,130,179,243,390,220,287,222,119,368,363,332,371,207,294,159,223,195,294,394,227,220,138,349,288,414,455,235,303,824,655,233,968,451,307,189,133,225,595,300,330,646,426,244,308,394,359,372,343,143,206,257,337,338,501,329,462,484,217,393,262,406,1232,1399,638,364,372,435,1796,333,149,132,227,165,202,276,272,148,102,175,299,397,343,190,99,146,224,205,249,260,544,242,105,259,280,245,340,264,145,124,219,264,256,282,180,135,67,345,314,190,353,184,112,178,240,281,306,259,215,135,55,182,209,240,192,249
University of Kansas,640,822,1801,1221,1040,921,1221,565,989,1963,1326,628,600,2755,1252,1448,3360,1708,922,758,1555,641,2431,1014,922,871,979,2578,1463,1333,4805,2371,1100,972,1567,935,2844,1937,692,931,848,2364,1263,1941,2731,2196,1377,1536,5603,1690,2670,1864,2798,2287,1386,2578,958,1114,3744,4635,2269,1715,1590,2082,1153,1139,1583,5460,4069,3901,3980,1651,2344,3178,5427,2147,6693,2783,1265,878,732,1060,715,583,532,698,726,936,810,1065,1987,661,1298,1529,2415,1727,1713,570,375,569,546,553,611,827,488,304,771,764,672,685,807,376,243,761,1426,750,985,638,347,192,1900,1651,1044,2723,1547,559,392,558,522,1164,821,610
North Carolina State University,429,366,517,1892,928,642,837,436,602,603,561,462,615,1320,324,500,1246,799,797,657,1793,765,647,1043,598,507,795,1445,513,806,901,1063,886,842,1100,733,1704,1142,596,718,1999,2232,779,853,1056,744,610,806,723,2887,1309,1050,1676,1200,824,3539,1487,925,1033,700,746,749,390,316,747,927,1375,1537,744,364,2181,872,586,840,812,2255,574,328,683,847,2950,829,919,395,239,552,833,788,560,566,390,333,1142,1322,970,831,704,628,288,708,833,783,700,840,282,265,689,836,777,668,600,313,487,809,847,620,1003,1216,528,486,999,824,711,783,687,468,333,428,666,542,668,397
University of Miami,510,864,783,1926,693,585,338,511,1366,1182,2211,2363,1635,1085,675,1827,1767,1821,1744,2109,2807,1275,1804,2757,1448,1033,2073,1699,462,1192,2167,1618,1354,868,1632,648,4178,1978,1476,1123,1138,1509,754,2580,1307,1245,1197,1196,2006,812,1119,2451,1606,1204,1439,2056,972,1320,1263,1479,1866,1693,4515,2172,3046,1740,1473,2503,2273,692,1476,1422,1015,2213,1419,4785,2314,6866,5862,3536,1692,2022,14726,7980,25006,7790,3163,3989,3312,4797,11182,4475,2733,2120,1090,2220,1994,1131,763,1286,1701,1312,1355,1382,865,770,2070,1292,1301,1617,1375,852,562,1717,1359,1079,1266,1052,811,764,1459,1389,1365,1180,1174,612,1204,1382,1247,1456,1967,1137
Providence College,555,318,108,1358,992,210,668,293,265,93,135,271,394,419,168,230,163,477,252,209,735,184,250,451,680,294,505,215,926,330,245,695,218,435,173,93,188,220,466,328,216,383,117,166,923,445,255,170,914,556,322,269,715,265,217,146,678,338,310,642,211,231,647,336,258,264,353,992,459,152,1012,498,464,327,461,1829,523,272,2304,952,617,1830,480,521,290,486,385,930,555,476,298,250,325,379,223,347,217,192,179,129,140,232,358,379,129,133,186,98,107,201,197,86,36,215,265,173,107,129,93,122,159,173,167,105,148,42,66,138,72,156,106,118
Xavier University,242,284,241,203,213,209,648,121,341,341,729,289,297,200,814,344,574,704,278,221,411,109,193,580,1294,456,191,440,70,204,225,770,230,183,406,146,565,342,251,270,782,257,125,195,204,673,325,217,598,188,172,783,354,678,675,224,156,344,263,1044,591,403,661,469,442,377,384,989,846,1173,801,373,443,331,618,2234,578,3762,624,683,589,666,2975,1349,216,222,425,370,143,132,86,86,231,218,353,130,91,81,88,384,218,88,173,208,112,183,217,303,198,181,169,132,81,357,312,255,422,200,118,97,169,214,285,193,137,98,131,1092,663,1066,372,382
Indiana University Bloomington,160,296,292,554,1523,623,466,1611,660,636,1520,894,464,1593,632,644,543,1185,1909,1059,439,1551,1051,656,1469,1171,695,1168,586,1669,1869,871,807,751,7817,2817,2447,2637,1032,929,613,1667,730,1274,566,1503,950,607,1883,724,1014,2853,1055,740,1273,6262,2142,1300,2235,820,917,1158,972,2205,1083,2126,829,932,2062,2341,1901,1232,1440,1145,933,2406,3788,3580,2329,1010,728,858,624,469,311,557,887,716,1248,990,941,372,996,1775,606,476,547,343,355,927,584,496,399,499,342,319,407,562,633,711,552,260,236,420,812,784,468,428,445,288,363,355,428,424,440,496,386,339,522,656,482,1892
University of Maryland,1078,699,1575,990,1901,1400,753,1422,1493,1607,1855,1755,1317,690,1762,1596,1488,1384,2252,1875,823,1278,1746,2836,2402,2378,2680,2226,1740,1992,2710,2042,1512,1176,1325,1237,1482,1857,1240,1543,1691,1591,1012,1415,1538,1966,7473,3446,1486,2187,1612,1914,1941,2329,1752,1037,3496,2576,2458,2708,3034,3573,2514,2155,1389,1940,2653,2428,2704,1385,2366,1703,1965,2847,10336,3555,3938,2982,1276,1575,1701,2833,2178,1650,1145,2541,2098,2390,2823,1486,1318,777,1762,1930,2423,1980,1944,1119,735,2243,1917,1940,1469,1946,1154,1030,2581,2588,2204,1752,1155,986,876,1621,1786,2376,1768,1386,1650,930,2107,1602,1279,1922,1562,779,836,1522,1884,1938,2842,2713
University of Illinois Urbana-Champaign,749,1183,689,1323,1132,1424,1348,681,783,1285,1206,946,2049,1620,957,1443,1115,1331,2157,1201,767,611,904,1439,1048,1004,1608,1930,872,1217,1558,1457,1098,1085,1506,915,1426,962,1080,1015,1089,1351,656,1035,1596,1084,980,1104,1843,983,1683,1425,1173,2415,1812,726,1487,1246,974,1223,3370,2418,790,1660,1149,1255,1296,2221,1149,769,1175,1236,791,1402,2734,936,599,601,896,1047,1017,965,1057,503,1074,993,1347,1342,1560,1310,743,743,1132,1217,1165,1022,1274,722,732,940,1332,919,944,1117,522,682,848,1023,1042,1082,1358,854,586,841,1287,1186,961,836,518,685,842,1076,1122,1286,984,569,751,1052,914,861,919,933
Michigan State University,437,657,1539,1148,1162,1001,3706,769,1002,2387,1304,1132,1894,991,659,2251,1130,1021,2332,1028,537,1351,821,1255,1529,2921,1280,785,1236,977,1115,1038,1093,790,1544,615,1139,1857,1399,1103,2840,1965,2198,111987,225714,53387,21363,9307,9324,7647,5459,5761,4298,5353,3077,2558,860,1963,3454,4125,3092,1862,3130,1397,1501,1637,1561,2847,3065,1150,5524,2957,2123,2160,1943,6864,2161,16751,4221,2423,3138,9540,2976,834,1129,1664,1839,2072,2099,3367,1234,734,1802,1625,1939,2294,870,807,664,1360,1630,3294,3161,1765,966,609,1738,1302,1232,1518,1386,697,1014,955,1567,1140,1542,1027,641,863,1905,1458,1240,1118,1156,1555,3547,1874,1326,1333,1195,1122
Northwestern University,485,395,1480,1716,2126,1191,620,1732,1466,951,1704,1465,1121,445,650,558,1637,1435,1084,1850,589,537,1311,1108,1025,1034,873,1092,927,1043,1676,1760,1450,987,469,1041,1113,1291,1442,1648,2000,838,4219,2414,1266,2992,3124,1702,898,1772,2200,1784,1554,2057,943,911,1091,883,1278,1509,1765,965,536,1328,1597,2642,1330,1373,1728,725,1287,1131,1323,1450,3656,1563,2267,2053,1229,988,979,985,1368,450,383,1097,998,1440,1238,710,571,990,1263,1224,1187,943,827,446,413,771,896,2640,2617,969,392,558,978,1130,1258,1057,908,610,511,1131,1314,954,2918,1020,556,447,1521,1502,1560,2677,1591,1022,610,1060,2473,1573,978,753
University of Iowa,883,502,1519,1090,2362,1781,1360,1286,783,664,758,2232,785,546,1091,975,1110,1221,1176,854,861,511,903,909,725,1536,1311,818,1319,714,1546,4175,2737,1047,3244,857,855,1039,1256,1518,771,445,1037,586,751,766,1399,1262,566,1162,973,858,1398,1009,836,3522,2078,1337,2545,1051,980,808,641,2296,1821,1658,1220,2425,1167,462,1179,952,934,1047,2759,1562,1344,787,852,718,636,673,1011,686,1209,1738,1275,1730,2110,5186,4838,5549,4145,3487,2525,2288,2052,1169,551,774,775,2381,1166,1069,704,669,756,1155,8389,12276,13497,3918,2361,1749,1371,1434,1431,1594,1089,950,2557,1432,990,1705,1159,1435,829,2497,1972,1578,1015,732
Boise State University,190,132,311,225,216,200,500,200,229,315,429,677,276,230,334,250,746,484,280,430,731,178,333,422,302,223,369,487,170,245,439,650,354,532,315,318,277,255,311,216,298,386,237,235,329,356,485,179,175,518,306,239,453,617,382,283,172,425,954,1230,773,444,325,223,270,272,276,673,726,429,827,415,437,600,1428,432,135,95,178,157,155,177,129,103,79,248,332,233,263,294,271,102,212,321,249,191,184,151,89,162,176,267,189,305,96,85,238,228,343,323,216,122,94,259,202,224,180,170,186,103,126,168,172,313,236,236,128,172,196,242,274,166
Baylor University,269,369,363,986,611,468,828,308,570,484,931,515,416,641,357,589,1164,818,568,528,744,403,2071,1355,548,545,485,1504,444,1605,1426,750,592,606,1853,471,892,682,800,1049,735,1105,515,1893,880,555,450,712,1732,626,1913,2179,721,545,881,1615,535,1467,853,875,589,684,950,581,572,602,518,1495,432,296,835,559,572,749,682,1938,1018,1811,774,623,514,801,822,624,929,784,815,1138,764,695,534,272,763,699,705,570,366,308,353,270,1110,611,572,667,545,311,671,537,1869,971,514,470,477,414,437,600,387,563,579,354,578,465,555,635,468,349,290,485,405,466,492,388
Grand Canyon University,63,80,105,123,276,200,185,53,141,146,84,345,214,126,130,70,190,232,240,153,186,109,120,133,228,771,201,189,139,85,163,187,115,166,232,172,142,167,299,301,153,228,118,113,151,235,174,297,386,147,156,260,107,146,387,173,119,177,139,281,232,276,196,145,132,310,192,425,702,637,2595,510,266,502,649,1455,375,113,181,113,226,260,158,94,67,71,113,81,133,90,110,82,97,132,154,220,83,63,118,116,131,76,93,99,166,117,137,239,104,103,143,219,149,116,132,100,311,204,110,108,139,187,163,185,169,60,64,138,96,116,131,109
University of Texas at Austin,1408,2043,2025,2356,2758,2195,2894,1176,2906,2076,4018,2588,1528,2702,1819,2363,3533,2391,2366,1944,4905,5750,3631,3305,2601,2431,2429,2409,1394,4008,3647,2817,2090,1873,3852,1860,3664,2025,1724,3712,2574,2319,1317,3562,1958,2117,1874,2100,2979,1299,2837,3526,2297,3051,2910,2798,1199,1842,1973,2923,2531,1953,3850,2304,2370,1943,2624,3133,3390,13065,5421,2980,2343,2715,6728,3614,12276,5580,2411,2549,3241,4189,9036,14536,16114,7769,5547,2795,2191,2716,1791,1468,1644,2350,1992,2038,1909,1187,1405,1981,1671,2038,2138,2137,3125,1563,1646,1819,2081,2330,1639,1229,1285,2190,2788,2170,2792,2761,2098,1063,2307,2865,2652,2916,2386,1522,1302,1938,1832,1553,1715,1952
West Virginia University,332,1800,1788,793,469,567,953,482,804,708,1061,686,892,1003,426,560,671,2034,1251,1188,990,386,686,815,1115,877,924,1867,737,655,1395,1035,664,590,1210,518,491,684,2114,1110,647,828,357,990,754,823,868,772,921,402,1324,833,516,773,1022,1026,548,1392,1244,778,601,551,2465,921,798,558,2258,2067,1051,514,2074,955,663,1038,3543,623,474,261,546,524,1503,381,635,378,208,426,514,460,445,509,310,322,590,1118,927,739,681,302,228,489,7004,8247,2111,1402,830,927,599,567,874,754,799,482,487,887,509,1225,873,587,388,279,616,810,555,880,650,510,307,3297,1384,2850,1197,649
Texas Christian University,2862,1296,849,1334,2029,1654,1690,1870,13163,3129,1092,676,630,906,427,592,433,831,402,555,1897,358,892,868,540,416,299,616,225,678,885,615,393,265,467,433,448,493,301,215,259,493,219,297,213,289,257,275,547,360,1181,541,340,232,596,842,253,301,324,1051,1027,426,442,266,428,387,417,739,1244,366,666,459,473,469,441,831,2292,1136,959,618,364,6539,2077,500,303,424,431,444,318,338,239,177,190,190,186,185,219,99,130,146,262,226,239,281,281,139,211,169,272,229,182,161,133,159,142,177,257,430,792,1282,432,357,195,218,157,133,84,172,147,374,193,199
Mississippi State University,550,7806,831,1222,376,464,1309,386,335,587,722,501,1450,853,207,392,635,506,364,454,540,263,394,447,753,516,358,1654,655,345,892,1236,572,589,1187,539,770,525,892,875,571,2376,728,638,720,1539,690,504,1163,705,596,951,811,557,559,1505,590,462,1235,784,474,514,518,245,619,551,775,1966,1043,297,1545,872,2560,1059,338,431,266,469,294,417,550,362,644,551,258,393,403,324,509,445,217,247,393,426,329,384,253,270,228,434,603,618,514,613,829,619,522,515,312,558,412,277,210,585,554,343,331,296,221,193,265,404,528,386,716,361,137,317,451,367,331,575
Kansas State University,506,303,2213,1675,378,471,2786,1183,1786,2861,1252,770,611,727,141,885,6976,2448,1241,1071,2060,469,1678,1528,866,469,494,1957,1059,1034,2756,892,543,439,1551,259,681,1430,1099,674,493,705,213,499,920,589,735,556,1272,335,489,1808,1344,440,820,1210,391,821,670,1855,1081,519,803,1859,941,591,795,1018,825,140,1135,753,928,1064,810,2321,2714,14139,3626,2182,3509,18337,8424,12671,2827,1076,488,858,589,728,1113,2038,767,895,494,798,419,398,195,399,293,605,330,359,186,280,422,507,563,405,794,264,133,332,785,709,466,587,403,238,377,536,398,740,427,159,117,450,470,429,324,280
Virginia Commonwealth University,148,125,157,791,357,289,339,112,225,590,453,337,721,438,150,719,982,428,305,485,179,145,255,214,444,264,313,347,94,179,608,267,284,624,311,106,426,679,386,597,453,227,108,309,375,740,502,393,445,182,246,439,380,274,610,257,180,367,648,335,348,212,261,168,243,774,357,579,333,1015,2994,700,488,633,658,2273,246,91,258,423,634,425,240,258,210,531,382,2121,6228,3095,822,285,616,351,371,480,268,698,192,494,343,287,356,568,233,109,336,524,479,266,278,128,121,318,446,663,1086,368,158,89,408,446,563,247,638,192,133,517,326,588,381,467
University of Connecticut,395,688,847,1819,973,717,1493,454,771,761,1393,626,757,566,1282,619,882,1715,929,848,554,1097,746,1053,2002,1043,986,522,354,666,1158,817,490,847,1080,511,888,1896,1263,846,673,989,417,1158,726,937,1141,774,1249,392,658,903,2303,1076,671,1580,719,961,774,1418,767,686,1333,1039,1746,1157,1215,2849,2229,690,1094,1261,1451,1015,1174,4029,1509,5013,2867,1810,2143,7898,3093,10768,7083,2805,2257,3316,4395,3291,13520,14300,31226,40114,7991,5093,3443,3458,1835,2289,1154,1242,1865,1520,946,628,1043,1151,904,1072,915,562,687,836,1102,827,934,829,660,462,735,1105,909,1116,805,637,5353,3855,1141,1108,781,794
Pittsburgh University,449,694,2675,1885,559,700,921,583,514,558,880,638,505,628,364,604,503,932,604,681,812,370,477,480,1669,661,599,1683,732,710,712,2319,966,595,419,381,686,1272,1091,710,706,1177,632,927,1029,1139,815,768,1096,525,743,1587,948,845,976,2938,1945,1608,955,2192,1025,764,1638,634,1807,1001,1848,1818,1009,743,2503,1224,4731,3362,1387,5726,2101,3693,1055,772,689,825,1187,563,534,1111,792,1079,1196,1108,881,331,1274,855,591,1293,778,366,287,683,1482,654,700,752,776,443,922,1313,1594,886,1080,671,418,684,613,678,1334,652,721,756,835,546,564,505,377,183,125,374,624,513,362,239
Iowa State University,226,369,275,1085,885,428,1678,304,917,913,864,968,664,1039,361,777,2049,1052,785,588,719,483,874,2479,1751,767,1115,929,422,1678,1009,667,927,814,2195,521,869,599,1005,624,399,758,259,621,514,625,586,433,733,303,541,1014,784,628,930,1004,477,1041,627,780,962,729,1317,761,824,556,528,2214,1257,458,802,534,741,718,628,1997,444,318,365,398,657,563,348,248,214,426,390,383,442,557,232,196,362,592,435,463,489,327,336,756,571,427,501,632,264,269,498,417,534,756,436,299,270,402,349,798,568,348,228,208,480,390,325,489,517,318,263,897,1052,772,626,511
University of Southern California,819,3513,1250,2888,2004,1757,1197,723,1834,2151,3637,4562,1927,1512,2675,1833,2347,16300,4086,2485,1297,1009,1813,2589,1393,3170,2391,849,915,1428,1681,1809,1539,1342,1311,996,1498,1293,1055,1541,1453,711,768,1873,1564,1230,1547,1385,859,774,841,898,1372,1450,1599,971,772,1372,2254,1777,2253,1705,1016,973,1298,1433,1451,2487,2558,865,1864,1595,1456,1993,2130,3183,1188,1390,1714,1392,1523,1615,2234,1201,842,1829,1373,1859,2247,1492,1012,1226,1261,1181,1284,2108,1714,832,511,1351,1804,1663,1139,1945,1959,1519,1489,1462,1974,1855,1066,807,763,1391,1918,1489,1624,1117,725,1352,2099,2001,1502,1467,1445,2379,1997,1836,2044,3325,2089,7275
Creighton University,63,123,401,233,130,155,445,72,168,252,550,115,82,517,329,206,352,596,220,182,84,147,151,132,535,292,239,1078,327,293,213,383,192,227,444,212,495,199,469,252,150,860,179,325,552,167,153,192,349,258,314,777,344,248,390,598,256,240,200,656,493,265,329,389,506,377,201,520,1028,241,816,352,535,487,490,1624,619,3282,1314,728,600,599,4303,3300,5061,2167,776,310,296,702,143,110,291,284,183,241,137,144,67,109,276,382,298,165,100,58,628,212,126,133,258,114,75,155,109,208,258,115,93,40,248,337,164,222,229,145,105,133,160,160,135,190
Auburn University,412,288,606,1651,1121,674,1628,1193,701,1632,1105,1342,942,1440,780,840,1053,1793,1241,1055,1143,447,1039,1415,2078,889,832,1493,529,786,615,1669,838,955,2033,517,781,1574,937,987,3045,4367,1263,1071,1837,1195,630,946,1369,816,1281,1204,1809,958,672,1360,771,707,1066,2299,1475,1010,2307,735,517,758,819,1857,790,276,1472,1251,1113,1016,4477,2115,3028,975,606,638,711,859,1162,696,424,633,732,870,1341,1279,699,536,782,1140,902,796,860,1191,476,623,478,497,719,975,481,414,817,732,566,630,1368,339,326,782,522,705,701,593,693,370,579,739,701,921,750,658,559,615,545,803,1026,950
Marquette University,158,122,583,472,231,265,393,377,540,216,955,435,356,246,416,260,396,849,695,326,629,320,384,377,435,546,344,558,214,612,434,652,420,370,839,246,823,713,252,432,297,468,120,519,285,1251,615,1262,580,142,365,1260,918,469,378,924,409,1438,2691,1073,658,472,1026,488,789,540,1616,1405,1992,5075,2582,906,838,1149,1012,2265,981,4913,925,357,754,430,194,150,117,260,416,320,580,1093,1328,306,252,309,492,253,206,227,95,171,288,259,111,256,138,87,176,519,705,868,742,212,778,1270,514,385,226,203,113,123,194,158,288,193,213,77,78,164,114,307,284,260
Saint Mary's College,24,38,77,38,20,23,108,49,56,42,73,129,81,87,101,72,123,25,177,109,128,46,109,70,51,40,223,183,466,156,122,102,214,398,272,786,312,219,67,188,172,233,57,113,30,59,249,191,299,207,92,120,48,232,335,367,151,97,106,83,162,58,43,90,437,620,116,43,51,73,303,165,442,205,175,859,345,843,110,59,14,46,96,41,22,30,39,47,54,52,47,47,38,32,28,26,50,51,7,3,60,25,88,84,60,35,39,42,60,84,65,26,26,18,35,47,38,22,38,23,30,21,296,15,31,30,17,37,21,7,110,40
University of Houston,581,756,490,485,1206,747,611,1208,1970,1077,1329,875,777,503,567,1010,1787,1133,1202,1170,762,1773,1209,1473,1652,1169,928,1822,564,1343,1570,1396,1668,1190,759,2050,1948,1011,1639,1099,743,506,603,1144,953,2056,1868,1288,1056,2123,1961,960,2323,1704,1246,1670,1103,1355,1122,1847,2922,2019,909,5279,2335,1874,2393,1613,2111,2677,4874,2324,2390,1907,4143,2432,7971,3603,2904,2002,1639,2187,8165,1840,721,853,1240,1059,1129,1066,1040,830,1679,904,931,1280,1032,833,889,946,1105,1195,735,774,494,370,716,642,1055,934,1615,803,579,825,1109,1162,807,1042,993,679,1295,691,660,793,872,673,674,855,960,814,1739,1153
Florida Atlantic University,176,191,196,302,1050,406,423,85,301,230,390,324,257,633,245,1184,407,1282,3427,766,427,294,589,618,416,1099,565,865,282,471,395,632,785,256,376,177,308,256,250,386,279,332,95,386,289,264,540,353,118,108,276,232,524,729,622,953,306,390,190,457,557,355,455,165,199,678,419,542,1384,1762,1663,1024,512,1039,694,1878,4113,6066,2686,977,1450,6117,6708,17938,7820,3045,1570,2489,2337,2873,11779,3646,1567,1011,529,450,516,1208,343,377,376,376,320,214,118,214,254,218,624,340,233,98,91,123,272,540,383,239,140,97,399,434,358,415,267,153,78,227,457,367,515,1284
San Diego State University,196,1205,1368,421,321,356,552,377,541,532,719,447,351,765,484,318,669,788,880,490,417,358,373,391,586,796,527,540,371,389,538,680,392,638,387,344,618,480,817,1037,613,624,562,1406,2185,1599,966,470,379,355,501,683,625,766,822,602,1796,745,685,622,671,675,589,1133,580,586,626,973,830,1965,1158,802,786,665,2691,1134,3342,721,810,712,837,1143,12488,4614,16156,5003,1801,2399,2781,3864,27218,11471,17834,10252,1788,1239,762,715,709,844,703,532,628,775,391,499,718,567,548,563,366,212,213,320,924,552,687,595,445,453,684,663,479,653,373,203,165,409,710,490,499,474
University of Memphis,452,243,161,274,235,371,507,234,366,434,756,682,509,232,1060,320,347,537,659,426,214,1025,808,377,370,1045,1818,629,787,566,579,408,250,341,758,302,402,363,609,467,248,185,629,408,415,290,789,554,292,1001,383,331,440,932,409,274,786,299,400,588,604,568,584,1959,541,532,566,327,1024,2094,7409,2050,1094,1049,949,2213,2129,488,354,214,265,232,754,497,354,542,324,383,298,295,205,165,248,511,282,399,394,294,257,418,358,436,369,774,339,208,257,236,238,503,820,167,165,967,191,370,417,681,190,110,403,3258,555,283,356,239,276,1184,436,259,236,228
University of Vermont,205,116,158,222,437,209,173,142,151,254,324,175,131,89,90,261,176,190,319,227,139,164,218,179,343,247,280,237,92,240,187,189,169,226,231,113,125,291,341,200,213,228,136,655,270,332,241,330,225,286,166,837,445,364,266,247,234,305,335,359,276,416,289,237,682,461,351,287,536,1134,507,392,332,457,527,1134,395,135,217,357,434,278,281,203,104,322,392,224,224,394,91,98,476,466,413,432,204,163,131,166,365,252,261,258,178,83,198,344,407,406,219,108,61,134,194,215,191,315,157,580,190,254,221,480,261,109,97,257,416,219,355,216
Texas Southern University,58,144,147,198,57,58,112,63,107,93,101,83,259,154,153,165,167,104,266,132,112,103,110,212,148,98,132,139,93,126,123,248,150,123,106,77,154,171,83,207,279,196,117,177,275,170,212,252,402,348,280,242,178,256,347,258,126,141,293,237,221,155,234,71,129,215,251,337,298,1158,754,442,618,950,250,256,108,92,150,115,69,138,166,121,58,79,157,255,391,306,175,285,471,258,116,121,305,326,472,541,844,746,344,424,146,148,328,193,270,176,91,57,71,86,300,198,65,78,82,144,87,172,179,114,133,135,79,91,144,284,622,221
Howard University,943,1148,1354,1074,2334,1463,896,411,839,391,360,766,1675,500,1243,1261,959,791,622,755,534,449,1179,1584,1030,668,831,715,592,746,1039,2005,907,860,603,597,651,1040,913,761,837,841,658,1140,893,1612,1610,1198,720,646,942,1102,877,754,692,614,1557,2958,2349,1751,1615,1253,433,515,653,1081,1102,667,815,3727,2127,1475,1924,2169,6901,6492,2013,1315,1231,861,776,752,971,1221,1198,738,1091,821,1124,1186,605,986,971,781,7044,2283,1243,938,416,781,867,805,782,1050,1641,1489,1873,900,1113,732,486,351,291,608,2225,2945,1453,1302,755,613,709,1437,1091,857,624,1513,1368,1081,679,1284,1544,1648
University of Arizona,536,812,862,641,768,1286,1006,483,885,856,909,1260,1097,860,545,664,903,997,1970,1511,2407,820,1584,816,887,1301,2177,1265,700,5102,9234,1849,1757,2035,1192,922,1454,1605,999,1617,1408,1029,725,1024,1456,1999,1475,1682,1766,889,1180,1183,1059,1112,1072,2329,1861,2296,1606,1210,1364,1792,1030,832,1138,826,850,1993,1938,2578,6842,1504,1629,1552,7477,2901,1256,1023,1249,1341,1200,1376,910,576,346,833,896,1077,1444,1233,756,507,1022,994,1008,995,736,565,426,914,873,2689,3064,1354,836,591,894,1083,947,776,1112,708,560,994,1395,1174,793,887,859,619,1258,1048,1467,1222,1132,682,423,1102,1265,1237,1276,892
UCLA,1004,1074,964,2213,2169,1630,825,902,2262,1311,1541,2290,1611,1626,950,1263,1442,1441,1741,1703,1776,898,1453,1689,1063,2024,1422,769,855,1484,1571,1427,1707,1457,1262,798,1418,1411,1249,1587,1384,1092,1113,1747,2070,1482,1648,1949,1418,1276,1320,1457,1608,2179,2188,1345,2843,2042,1926,1952,2603,2205,1944,2191,2600,4292,2140,2898,3189,2226,3208,2958,2960,2579,3004,3439,3983,2698,2253,3220,2097,5497,5106,1505,1081,1991,1718,1745,3358,2336,1358,1716,1887,1755,2030,1867,1453,892,756,989,1443,1632,2064,1642,1984,1540,1436,1870,1541,1745,1205,917,825,1519,2086,2154,1885,1626,918,719,1199,1682,1699,1844,1427,1650,1131,1283,1148,1918,1451,1066
University of Tennessee Knoxville,1036,824,2260,1030,825,1196,2499,722,2516,2150,1499,1179,1361,4973,871,671,2096,859,775,904,2607,750,1527,1352,2280,2401,1348,5742,1990,2310,1021,2943,982,838,3479,609,1544,1009,2386,1175,791,3295,1460,1198,808,8590,3687,1819,3683,872,857,3072,965,963,915,1687,784,1287,2891,2708,1004,1319,1964,826,1003,826,864,2206,3379,733,2049,1220,826,1087,4516,3120,18134,3660,2403,2019,2695,8691,3556,967,587,640,729,761,1276,992,800,537,776,858,695,2452,1837,546,264,487,648,421,786,842,1005,640,871,1300,1067,949,959,968,566,797,607,531,1179,1512,964,318,517,622,522,660,1083,513,496,451,605,532,676,662
University of Alabama,1711,1783,2081,1524,1266,1237,4551,1517,2567,2075,4243,2678,2411,4136,6275,6055,4868,3079,1559,2237,2730,1938,4064,4186,3802,3387,2104,3111,1053,1927,3413,2302,2395,5686,3785,1458,2159,1669,3437,2147,1809,5559,2182,4719,2333,5490,2143,1421,3436,1903,1441,2872,9423,6897,2849,8033,3353,2201,1847,6878,4159,2549,3826,1730,5124,2204,2126,1760,4704,6351,18290,4020,2447,3200,7255,2568,5650,7602,4295,3178,3557,2391,11523,2996,1122,2004,2025,1791,4107,2538,1258,691,1173,1463,1178,1449,1206,837,481,2463,1967,1275,1191,1135,890,824,1506,1917,1344,1209,1386,2363,1600,1802,2045,1461,3117,1890,957,756,1454,2183,1383,3191,2254,1018,843,1437,1329,1655,1539,1382
University of Kentucky,2244,747,2415,1589,1098,1163,3445,1000,1125,4305,2054,1272,1656,10801,1611,1326,3254,2978,1462,1184,2256,673,2239,3013,1591,1092,1510,3782,1322,1179,2061,1194,1524,1105,1812,1017,1714,3370,2719,1819,2011,4103,1544,1748,1520,2739,2395,2501,6911,2155,1479,1782,4273,2219,1806,5480,2146,2303,2477,4444,2343,1886,6831,2126,2397,2008,1806,2436,5334,4190,4781,2377,2718,2527,2935,8983,4990,11203,3912,2146,2209,1741,2663,2709,2308,2200,3217,3293,2328,2295,1818,1555,1912,2042,1516,1521,2379,1868,1304,2236,2243,1831,1414,1190,987,1410,1760,1864,2005,2081,1635,1167,1103,2022,1668,1583,1699,2478,1868,1119,1618,1332,1767,2071,2113,1076,1088,1740,1434,1966,868,706
University of Arkansas,421,693,591,2329,1721,1342,2175,1220,1196,1601,3017,1426,855,2218,839,952,2141,3224,2439,1179,2306,1265,1932,3864,1829,1308,1092,2502,721,931,3449,1937,1375,931,2192,772,933,3931,2793,968,1223,1777,608,688,849,1912,1451,1229,2934,1183,864,2932,1798,1171,1167,2582,1012,1789,2467,1638,1347,1449,3309,1014,1241,1195,1129,3912,3779,1798,2175,1201,1193,1497,5918,2150,24516,8576,3162,1880,2347,7695,2038,967,951,1333,1068,926,3121,4266,1291,871,1004,1941,1770,1210,1134,750,1359,1073,911,1583,1353,1096,1048,736,1592,1159,1278,1104,1025,573,483,1085,1101,830,1499,899,598,429,953,993,1211,947,720,324,488,694,886,1062,902,1189
University of Missouri,236,969,556,1810,920,630,1305,574,1342,1970,1609,916,747,843,688,685,768,1805,2224,1137,1166,311,844,1235,2496,2122,837,2666,610,653,1262,1597,1381,625,721,449,676,1223,866,866,639,6172,1927,1001,1516,871,606,695,1019,452,550,1574,1038,801,828,1240,403,591,761,1887,1370,957,1736,755,2199,849,896,1329,4376,2657,1545,1093,1009,1126,6806,1734,3449,1092,983,659,737,839,591,363,587,730,685,1051,781,1146,1252,347,544,552,652,913,611,339,248,413,683,910,746,706,501,188,998,651,607,952,687,323,829,932,902,893,686,762,418,431,1034,860,969,694,641,440,279,614,768,692,603,746
Texas A&M,709,1447,757,1160,954,1173,1145,756,1095,1511,1533,1629,1194,1138,742,967,1238,2460,1843,1476,1293,745,1544,1227,2030,1757,1357,1311,849,1424,2118,1834,1285,1300,1318,811,1354,2135,1628,1429,1486,1226,759,1333,1329,1970,1793,2110,1849,1044,1613,2994,2798,2100,10022,5349,1415,1311,1677,1478,1466,2822,5211,1106,1846,1641,1516,1200,2719,2986,3141,1094,1226,1451,2926,2880,910,691,1070,1792,2146,1596,1883,1025,1073,1096,1631,1166,1213,1341,847,868,1385,1175,1335,1403,1255,630,726,1535,1595,1129,1158,1289,725,647,1675,1533,1334,1328,1339,661,543,1373,1277,1314,1734,1312,759,2399,2300,1391,1125,1650,1409,605,522,1496,1435,1436,1377,1734
Penn State University,1172,2108,1163,1207,852,763,667,1348,921,1287,1640,1474,1312,707,670,781,1288,1087,1102,1150,1153,741,1504,1598,1246,958,1112,846,1223,1014,1025,1377,1158,1051,785,1732,1686,1231,1376,1525,1361,860,500,1213,2025,1385,1128,959,1080,1736,1336,1197,1769,1928,1106,705,1714,1040,1400,1807,1697,1445,1730,3324,1303,1390,861,2851,3073,4879,4798,1841,1601,1315,3692,6526,4255,1782,1275,1221,1802,1462,1263,819,1321,1170,1518,2403,2154,1470,789,633,922,1330,1134,1226,897,618,547,781,1301,1133,1191,1133,741,527,1470,1167,1083,1205,1222,598,536,1170,1357,1158,1132,963,844,550,1162,1097,1093,984,957,730,1129,1023,1029,1134,1176,1128
Kent State University,49,155,335,239,174,130,315,163,288,479,220,159,492,244,109,164,454,427,379,629,226,78,305,500,447,496,509,270,78,209,377,271,217,440,233,359,372,464,186,408,787,592,230,213,277,148,237,916,365,136,267,409,238,264,230,270,167,278,408,269,374,659,315,141,270,257,566,449,756,1295,1055,423,324,445,669,996,461,99,186,177,147,232,232,155,115,118,262,242,120,86,85,97,182,104,214,289,153,373,531,447,451,222,162,274,309,222,198,202,207,199,226,135,135,159,319,308,191,352,227,131,173,217,298,4549,1526,219,125,301,221,337,343,312
Princeton University,423,548,609,1077,1092,1128,675,1330,1455,1082,1423,1174,1145,635,516,1477,1529,1757,1173,1224,1138,748,1012,1085,1006,911,1044,1535,1322,1158,2240,1802,1536,1547,1848,1475,1159,1160,923,1245,1002,726,660,1909,2141,1212,1413,1342,1040,767,700,1332,1024,1481,978,848,601,1421,1322,1216,1043,1067,1188,841,1194,1698,1128,1108,1261,1042,1854,1192,2768,1862,9532,2701,8606,3119,1784,1538,1956,2117,4629,1551,754,1358,1153,1230,1365,1167,851,614,1346,1246,1207,1516,1407,1641,886,1145,1294,1117,1097,1262,660,755,1151,1547,1436,1691,1358,823,668,1080,1270,1786,1824,1181,829,813,1196,1299,1273,1161,1034,754,700,1792,1809,1125,1217,1419
UC Santa Barbara,117,183,299,268,365,274,285,326,416,424,413,322,263,215,348,406,350,304,360,384,266,306,400,322,428,431,421,309,260,416,457,405,386,389,277,372,390,459,506,319,431,349,219,253,365,520,295,210,188,355,474,419,357,529,478,310,256,304,556,959,680,341,253,301,511,349,400,509,554,868,928,534,344,545,1023,1087,443,297,678,422,606,589,338,356,362,633,396,379,458,441,326,325,535,434,530,450,359,253,259,306,545,383,657,393,286,463,386,434,548,544,363,329,379,371,498,535,546,456,419,411,482,511,669,571,380,223,241,487,451,504,511,520
Iona University,109,49,52,82,51,149,109,122,75,40,74,97,166,126,266,139,118,56,154,315,189,18,24,62,49,84,244,122,202,70,76,43,86,224,83,96,46,87,49,92,110,122,152,43,26,82,72,220,103,158,73,59,48,121,120,111,262,137,47,86,198,77,135,49,294,65,743,178,469,1072,766,268,177,301,469,1270,289,216,335,1428,404,106,117,116,91,57,85,61,105,91,80,36,53,77,109,103,62,39,27,19,136,32,53,122,76,102,42,46,55,39,56,60,35,63,89,82,40,52,22,96,53,69,33,100,24,89,28,35,54,68,61,104
Purdue University,969,2742,1430,1307,3046,1902,886,2175,2157,1865,2036,1755,3120,1707,1161,3696,2223,1805,2603,1759,1111,2154,3319,1874,1787,2264,2999,1300,3704,2849,2087,3884,2211,2153,3586,2092,2671,1697,1327,2826,1454,899,1726,2161,1539,1576,2766,1634,1383,2476,1753,1894,1694,1568,2247,3305,3437,1853,1548,1564,3214,3468,1381,3368,2030,3477,2104,1556,3559,3577,8986,3517,2829,2314,2155,12604,5306,2090,1506,1780,1601,3176,5612,1760,776,1392,2176,1762,2333,3008,2508,1939,1846,3351,2511,1602,1985,1372,729,1213,1498,1245,1120,1519,744,525,1184,1532,1493,1267,1201,757,604,1252,2109,2745,1268,988,693,826,1355,1151,1411,1368,1192,513,701,1439,1419,2197,1188,1186
University of North Carolina at Asheville,18,32,45,73,64,44,84,20,51,47,85,189,130,246,46,24,81,136,63,80,114,32,80,59,285,245,92,143,45,73,55,76,174,87,108,13,27,67,150,73,98,112,15,31,75,85,155,124,201,87,116,55,205,138,122,130,69,113,220,110,92,303,393,1052,304,145,102,130,111,67,274,109,178,311,618,179,59,21,46,75,68,47,58,20,11,48,70,97,40,51,30,41,28,69,50,55,27,22,11,39,67,97,40,75,29,28,30,41,63,75,42,32,12,38,62,25,40,19,46,12,46,37,44,44,28,34,28,51,33,63,55,52
Southeast Missouri State,33,34,9,48,119,54,123,22,32,14,44,117,39,167,39,47,69,71,128,83,133,63,49,47,65,140,94,101,25,23,29,120,96,183,96,25,170,101,94,149,89,88,10,14,25,51,115,105,116,34,77,58,94,131,86,140,34,45,117,204,244,389,948,790,185,114,94,57,99,62,227,302,861,227,49,48,21,41,63,81,121,69,47,25,36,60,25,44,54,51,31,44,30,184,66,50,32,22,10,34,33,24,50,124,21,16,43,46,36,54,31,27,38,40,60,47,79,20,49,41,103,47,42,78,56,65,22,76,93,34,37,55
Kennesaw State University,87,109,96,65,121,117,132,44,89,79,145,277,218,131,29,85,151,219,416,252,243,141,229,118,117,234,215,230,130,136,132,394,315,141,176,44,84,98,129,222,486,362,147,187,172,231,685,473,360,146,95,135,213,159,470,317,184,459,439,266,503,378,227,2404,919,626,300,230,195,146,855,383,271,332,684,3492,521,287,138,110,108,150,222,146,195,169,133,339,189,96,94,155,107,150,126,226,1010,360,167,184,246,422,221,275,148,159,133,199,112,158,113,49,111,85,96,161,118,108,201,106,114,123,136,88,113,83,73,83,126,118,119,128
Drake University,170,39,151,231,97,139,227,53,96,235,191,160,61,273,164,81,129,375,159,50,196,59,72,500,301,50,91,56,440,133,242,509,432,238,231,87,63,429,345,142,110,397,54,167,154,475,260,74,92,430,771,299,1051,578,187,113,454,152,125,330,676,581,633,2185,528,218,170,201,183,131,801,385,252,498,379,1612,348,129,75,89,124,108,107,125,80,153,80,155,100,50,72,50,42,130,105,86,85,59,587,114,101,110,219,195,130,38,88,82,153,154,161,90,105,203,738,182,294,98,119,62,93,86,138,271,124,59,44,41,53,113,265,113
University of Louisiana at Lafayette,70,69,103,121,225,116,144,86,101,104,77,266,173,175,65,190,86,119,188,91,127,92,214,133,111,344,148,300,153,68,120,203,339,213,844,348,106,347,159,311,189,214,108,110,147,149,260,163,159,132,84,128,190,165,274,338,144,189,92,91,74,189,1636,943,1583,750,288,232,161,258,510,218,232,364,1135,493,166,122,68,66,65,83,87,151,49,48,29,54,309,148,135,151,125,134,98,139,54,25,38,83,117,112,78,63,25,67,83,104,139,51,100,30,34,42,82,41,97,80,73,45,184,105,194,587,172,48,39,87,177,87,69,144
Furman University,52,176,68,116,225,95,146,31,200,59,162,109,131,227,64,121,171,190,159,146,80,123,127,120,224,170,194,83,182,91,82,235,139,133,149,68,199,71,169,127,114,250,137,201,129,274,128,93,69,178,110,112,180,103,90,425,128,118,88,226,121,440,297,369,1924,1106,383,284,200,225,405,292,290,512,8721,1508,1611,251,209,193,156,253,126,107,151,198,232,164,144,186,82,76,105,197,157,134,123,86,54,74,70,134,103,105,131,74,152,317,146,198,142,57,48,93,215,177,128,97,94,135,120,144,127,203,161,112,57,174,256,141,130,110
Northern Kentucky University,95,42,39,47,72,160,107,239,78,57,53,175,100,189,38,34,64,107,786,372,135,67,90,132,80,196,138,152,52,48,55,82,159,82,110,20,52,51,58,90,300,185,290,30,116,79,113,139,84,163,105,99,92,225,164,236,384,338,161,141,373,262,71,136,529,1718,686,254,186,120,455,337,220,361,1859,689,70,67,44,94,65,101,107,49,71,69,98,101,49,174,88,142,68,123,71,137,98,82,51,251,188,157,55,276,329,129,85,315,99,230,268,170,118,179,222,87,80,119,82,139,102,166,89,70,129,167,245,97,253,193,185,247
College of Charleston,199,771,293,817,345,147,593,292,441,204,837,526,224,513,244,1009,289,181,654,344,435,184,354,540,527,366,179,663,278,272,137,191,542,354,255,115,149,293,494,193,146,173,114,333,239,174,561,450,165,168,164,180,187,628,432,631,243,340,350,213,320,220,205,441,956,2625,922,422,318,275,1508,777,805,1201,2956,738,308,159,601,361,165,228,184,165,153,445,208,158,290,164,503,146,205,187,176,219,260,85,62,160,279,234,188,248,123,171,158,186,231,115,204,90,72,166,184,258,265,207,118,109,223,182,124,103,201,148,89,357,344,187,161,153
Oral Roberts University,54,35,72,82,27,89,470,392,232,101,90,154,84,158,51,87,147,103,222,125,185,87,190,128,158,271,159,223,132,254,106,97,54,56,171,86,147,111,150,235,135,148,49,206,121,90,279,216,206,148,203,76,110,192,99,269,115,107,104,188,360,141,290,330,486,877,728,176,193,94,413,434,398,350,1154,221,182,86,85,102,299,192,169,89,32,75,181,51,45,56,37,40,105,90,42,63,54,32,24,62,50,151,35,57,66,84,69,45,174,56,55,26,34,128,70,65,82,110,31,23,142,73,56,213,168,84,67,94,74,46,41,50
Fairleigh Dickinson University,44,40,56,64,167,88,117,36,24,45,188,119,41,111,54,156,90,89,136,170,95,202,69,69,187,171,65,136,34,31,30,94,55,52,117,60,42,95,66,171,267,192,62,76,83,132,180,47,127,89,125,79,57,167,84,180,67,49,227,292,532,404,533,334,309,440,172,94,77,66,254,192,267,1669,590,19385,7003,4605,1968,1065,339,317,188,143,81,125,85,92,114,138,90,77,88,280,117,76,106,82,63,71,40,70,99,142,91,85,161,127,151,91,198,65,31,98,41,151,169,54,43,36,61,99,91,33,79,46,59,75,81,135,53,104
Texas A&M Corpus Christi,5,12,35,32,31,10,30,5,22,27,12,44,30,35,17,22,23,29,44,67,23,6,19,29,38,52,58,34,15,20,75,46,48,31,30,6,22,29,57,52,43,32,14,23,36,28,66,60,61,73,40,131,59,78,95,151,118,80,68,92,71,71,38,28,65,92,325,123,71,43,84,145,521,401,589,122,90,36,37,52,34,51,61,54,28,35,67,81,160,106,92,22,20,71,45,28,52,24,8,44,76,35,45,88,38,21,30,31,33,105,70,74,49,70,61,30,44,35,16,22,47,42,37,67,81,56,10,24,27,23,29,28
Gonzaga University,145,131,63,157,359,673,343,282,213,209,138,766,570,420,297,391,203,126,647,343,323,217,114,97,110,322,164,473,165,225,183,154,261,512,536,592,198,177,199,531,236,468,334,217,80,123,377,571,794,150,154,221,175,412,516,1424,1248,378,285,1303,507,340,204,185,495,1995,1239,337,197,140,932,761,540,648,990,1512,800,1606,4258,592,536,3324,10674,4009,1481,317,335,280,330,284,143,203,296,225,187,148,165,147,170,123,84,132,174,161,149,206,151,213,141,153,526,108,53,187,116,94,96,96,63,134,150,113,139,148,87,89,43,218,116,237,86,82
Montana State University,60,81,117,120,376,255,158,104,171,108,181,212,409,210,111,287,110,347,619,644,344,287,449,287,127,201,258,148,126,209,251,210,265,239,178,108,139,239,93,228,146,137,110,243,201,306,288,307,243,237,144,322,265,225,233,253,87,294,152,89,451,308,113,259,347,221,774,1028,270,132,247,248,174,312,279,694,278,120,88,215,113,206,129,166,32,130,137,126,85,110,38,61,291,143,134,133,188,110,28,80,222,151,104,162,67,68,288,180,296,139,113,55,42,90,75,538,155,103,69,70,138,152,148,80,234,102,84,201,135,159,228,160
Colgate University,37,129,50,64,132,169,44,659,339,221,257,127,184,104,23,70,148,93,54,95,115,48,263,105,63,147,92,116,52,249,85,99,58,67,98,26,132,110,138,88,104,276,70,53,116,122,95,93,153,45,81,70,336,150,99,241,63,215,170,188,239,206,93,313,140,112,889,497,165,102,270,191,215,354,959,233,184,94,103,73,70,77,136,52,39,83,145,94,59,76,59,54,182,82,80,146,87,128,46,39,201,75,50,58,53,67,66,136,124,107,99,66,76,80,47,92,82,96,39,41,151,273,106,90,141,51,30,80,157,115,149,105
